-- MySQL dump 10.13  Distrib 5.6.24, for osx10.8 (x86_64)
--
-- Host: 127.0.0.1    Database: rh_tristone
-- ------------------------------------------------------
-- Server version	5.5.42

/*!40101 SET @OLD_CHARACTER_SET_CLIENT=@@CHARACTER_SET_CLIENT */;
/*!40101 SET @OLD_CHARACTER_SET_RESULTS=@@CHARACTER_SET_RESULTS */;
/*!40101 SET @OLD_COLLATION_CONNECTION=@@COLLATION_CONNECTION */;
/*!40101 SET NAMES utf8 */;
/*!40103 SET @OLD_TIME_ZONE=@@TIME_ZONE */;
/*!40103 SET TIME_ZONE='+00:00' */;
/*!40014 SET @OLD_UNIQUE_CHECKS=@@UNIQUE_CHECKS, UNIQUE_CHECKS=0 */;
/*!40014 SET @OLD_FOREIGN_KEY_CHECKS=@@FOREIGN_KEY_CHECKS, FOREIGN_KEY_CHECKS=0 */;
/*!40101 SET @OLD_SQL_MODE=@@SQL_MODE, SQL_MODE='NO_AUTO_VALUE_ON_ZERO' */;
/*!40111 SET @OLD_SQL_NOTES=@@SQL_NOTES, SQL_NOTES=0 */;

--
-- Table structure for table `areas`
--

DROP TABLE IF EXISTS `areas`;
/*!40101 SET @saved_cs_client     = @@character_set_client */;
/*!40101 SET character_set_client = utf8 */;
CREATE TABLE `areas` (
  `id` int(11) NOT NULL AUTO_INCREMENT,
  `area` varchar(145) DEFAULT NULL,
  PRIMARY KEY (`id`)
) ENGINE=InnoDB AUTO_INCREMENT=7 DEFAULT CHARSET=latin1;
/*!40101 SET character_set_client = @saved_cs_client */;

--
-- Dumping data for table `areas`
--

LOCK TABLES `areas` WRITE;
/*!40000 ALTER TABLE `areas` DISABLE KEYS */;
INSERT INTO `areas` VALUES (1,'ENSAMBLE'),(2,'VULCANIZADO'),(3,'EXTRUSION'),(4,'CALIDAD'),(5,'PROTOTIPOS');
/*!40000 ALTER TABLE `areas` ENABLE KEYS */;
UNLOCK TABLES;

--
-- Table structure for table `celulas`
--

DROP TABLE IF EXISTS `celulas`;
/*!40101 SET @saved_cs_client     = @@character_set_client */;
/*!40101 SET character_set_client = utf8 */;
CREATE TABLE `celulas` (
  `id` int(11) NOT NULL AUTO_INCREMENT,
  `celula` varchar(145) DEFAULT NULL,
  `clientes_id` int(11) NOT NULL,
  PRIMARY KEY (`id`,`clientes_id`),
  KEY `fk_celulas_clientes1_idx` (`clientes_id`),
  CONSTRAINT `fk_celulas_clientes1` FOREIGN KEY (`clientes_id`) REFERENCES `clientes` (`id`) ON DELETE NO ACTION ON UPDATE NO ACTION
) ENGINE=InnoDB AUTO_INCREMENT=125 DEFAULT CHARSET=latin1;
/*!40101 SET character_set_client = @saved_cs_client */;

--
-- Dumping data for table `celulas`
--

LOCK TABLES `celulas` WRITE;
/*!40000 ALTER TABLE `celulas` DISABLE KEYS */;
INSERT INTO `celulas` VALUES (1,'Celula 4',1),(2,'Celula 2',1),(3,'Celula 1',1),(4,'Celula 3',1),(5,'CEL 1',2),(6,'CEL 2',2),(7,'CEL 3',2),(8,'CEL 4',2),(9,'CEL 5',2),(10,'CEL 6',2),(11,'CEL 7',2),(12,'CEL 8',2),(14,'Entrenador',3),(15,'Lider',3),(16,'Lavador',3),(17,'Trimer',3),(18,'Lavador de guantes',3),(19,'Surtidor',3),(20,'Estampado',3),(21,'Materilistas de estampado',3),(22,'Lider de estampado',3),(23,'Lider',1),(24,'Lider',2),(25,'CEL 1',7),(26,'CEL 2',7),(27,'CEL 3',7),(28,'CEL 4',7),(29,'Lider',7),(30,'K2XX Celula 1',11),(31,'K2XX Celula 2',11),(32,'K2XX Celula 3',11),(33,'K2XX Celula 4',11),(34,'Engel',11),(35,'Estampado',11),(36,'Lider',11),(37,'Lider',10),(38,'CEL1',10),(39,'CEL2',10),(40,'D2U Celula 1',12),(41,'D2U Celula 2',12),(42,'D2U Celula 3',12),(43,'D2U Celula 4',12),(44,'D2U Celula 5',12),(45,'D2U Celula 6',12),(46,'D2U Celula 7',12),(47,'D2U Celula 8',12),(48,'D2U Celula 9',12),(49,'D2U Celula 10',12),(50,'D2U Celula 11',12),(51,'Engel',12),(52,'Estampado',12),(53,'Scrap',12),(54,'Lider',12),(55,'C1YX Celula 1',13),(56,'C1YX Celula 2',13),(57,'C1YX Celula 3',13),(58,'C1YX Celula 4',13),(59,'Corte de malla',13),(60,'Lider',13),(61,'Horno 1',14),(62,'Horno 2',14),(63,'Lider',14),(64,'Rutil 1',26),(65,'Rutil 2',26),(66,'Rutil 3',26),(67,'Capturista',26),(68,'Scrap',26),(69,'C346',9),(70,'C520-L3',9),(71,'Lider',9),(72,'Lider',8),(73,'6.4',8),(74,'3.6-3.0',8),(75,'Operadores Cargadores',4),(76,'Entrenador',4),(77,'Lider',4),(78,'Lavador',4),(79,'Trimer',4),(80,'Surtidor',4),(81,'Estampado',4),(82,'Materilistas de estampado',4),(83,'Lider de estampado',4),(84,'Operadores Cargadores',15),(85,'Entrenador',15),(86,'Lider',15),(87,'Lavador',15),(88,'Trimer',15),(89,'Surtidor',15),(90,'Estampado',15),(91,'Materilistas de estampado',15),(92,'Lider de estampado',15),(93,'Operadores Cargadores',16),(94,'Entrenador',16),(95,'Lider',16),(96,'Lavador',16),(97,'Trimer',16),(98,'Surtidor',16),(99,'Estampado',16),(100,'Materilistas de estampado',16),(101,'Lider de estampado',16),(102,'Operadores Cargadores',17),(103,'Entrenador',17),(104,'Lider',17),(105,'Lavador',17),(106,'Trimer',17),(107,'Surtidor',17),(108,'Estampado',17),(109,'Materilistas de estampado',17),(110,'Conteos Cíclicos, surtidores',17),(111,'Acreditar SAP',17),(112,'Lider de estampado',17),(113,'Ajustador',5),(114,'Lider',5),(115,'Retrabajos',5),(116,'Materilalista',5),(117,'Ajustador',6),(118,'Lider',6),(119,'Retrabajos',6),(120,'Materilalista',6),(121,'Ajustador',23),(122,'Lider',23),(123,'Retrabajos',23),(124,'Materilalista',23);
/*!40000 ALTER TABLE `celulas` ENABLE KEYS */;
UNLOCK TABLES;

--
-- Table structure for table `clientes`
--

DROP TABLE IF EXISTS `clientes`;
/*!40101 SET @saved_cs_client     = @@character_set_client */;
/*!40101 SET character_set_client = utf8 */;
CREATE TABLE `clientes` (
  `id` int(11) NOT NULL AUTO_INCREMENT,
  `cliente` varchar(145) DEFAULT NULL,
  `areas_id` int(11) NOT NULL,
  PRIMARY KEY (`id`,`areas_id`),
  KEY `fk_cliente_areas1_idx` (`areas_id`),
  CONSTRAINT `fk_cliente_areas1` FOREIGN KEY (`areas_id`) REFERENCES `areas` (`id`) ON DELETE NO ACTION ON UPDATE NO ACTION
) ENGINE=InnoDB AUTO_INCREMENT=27 DEFAULT CHARSET=latin1;
/*!40101 SET character_set_client = @saved_cs_client */;

--
-- Dumping data for table `clientes`
--

LOCK TABLES `clientes` WRITE;
/*!40000 ALTER TABLE `clientes` DISABLE KEYS */;
INSERT INTO `clientes` VALUES (1,'BMW',1),(2,'VW',1),(3,'POT 1',2),(4,'POT 2',2),(5,'Linea 1',3),(6,'Linea 2',3),(7,'BSUV',1),(8,'FCA',1),(9,'FORD',1),(10,'VN 127',1),(11,'K2XX',1),(12,'D2U',1),(13,'C1YX',1),(14,'Horno',1),(15,'POT 3',2),(16,'POT 4',2),(17,'POT 5',2),(23,'Linea 3',3),(26,'Rutil',1);
/*!40000 ALTER TABLE `clientes` ENABLE KEYS */;
UNLOCK TABLES;

--
-- Table structure for table `emp_hr_cel`
--

DROP TABLE IF EXISTS `emp_hr_cel`;
/*!40101 SET @saved_cs_client     = @@character_set_client */;
/*!40101 SET character_set_client = utf8 */;
CREATE TABLE `emp_hr_cel` (
  `id` int(11) NOT NULL AUTO_INCREMENT,
  `celulas_id` int(11) NOT NULL,
  `horarios_id` int(11) NOT NULL,
  `employees_id` int(11) NOT NULL,
  `memo` varchar(500) DEFAULT NULL,
  PRIMARY KEY (`id`,`celulas_id`,`horarios_id`,`employees_id`),
  KEY `fk_emp_hr_cel_celulas1_idx` (`celulas_id`),
  KEY `fk_emp_hr_cel_horarios1_idx` (`horarios_id`),
  KEY `fk_emp_hr_cel_employees1_idx` (`employees_id`),
  CONSTRAINT `fk_emp_hr_cel_celulas1` FOREIGN KEY (`celulas_id`) REFERENCES `celulas` (`id`) ON DELETE NO ACTION ON UPDATE NO ACTION,
  CONSTRAINT `fk_emp_hr_cel_employees1` FOREIGN KEY (`employees_id`) REFERENCES `employees` (`id`) ON DELETE NO ACTION ON UPDATE NO ACTION,
  CONSTRAINT `fk_emp_hr_cel_horarios1` FOREIGN KEY (`horarios_id`) REFERENCES `horarios` (`id`) ON DELETE NO ACTION ON UPDATE NO ACTION
) ENGINE=InnoDB AUTO_INCREMENT=26 DEFAULT CHARSET=latin1;
/*!40101 SET character_set_client = @saved_cs_client */;

--
-- Dumping data for table `emp_hr_cel`
--

LOCK TABLES `emp_hr_cel` WRITE;
/*!40000 ALTER TABLE `emp_hr_cel` DISABLE KEYS */;
/*!40000 ALTER TABLE `emp_hr_cel` ENABLE KEYS */;
UNLOCK TABLES;

--
-- Table structure for table `empleados`
--

DROP TABLE IF EXISTS `empleados`;
/*!40101 SET @saved_cs_client     = @@character_set_client */;
/*!40101 SET character_set_client = utf8 */;
CREATE TABLE `empleados` (
  `id` int(11) NOT NULL AUTO_INCREMENT,
  `nombre` varchar(45) DEFAULT NULL,
  PRIMARY KEY (`id`)
) ENGINE=InnoDB DEFAULT CHARSET=latin1;
/*!40101 SET character_set_client = @saved_cs_client */;

--
-- Dumping data for table `empleados`
--

LOCK TABLES `empleados` WRITE;
/*!40000 ALTER TABLE `empleados` DISABLE KEYS */;
/*!40000 ALTER TABLE `empleados` ENABLE KEYS */;
UNLOCK TABLES;

--
-- Table structure for table `employees`
--

DROP TABLE IF EXISTS `employees`;
/*!40101 SET @saved_cs_client     = @@character_set_client */;
/*!40101 SET character_set_client = utf8 */;
CREATE TABLE `employees` (
  `id` int(11) NOT NULL AUTO_INCREMENT,
  `id_empresa` int(11) DEFAULT NULL,
  `lname` varchar(60) DEFAULT NULL,
  `fname` varchar(60) DEFAULT NULL,
  `job` varchar(60) DEFAULT NULL,
  `category` varchar(60) DEFAULT NULL,
  PRIMARY KEY (`id`)
) ENGINE=InnoDB AUTO_INCREMENT=1144 DEFAULT CHARSET=latin1;
/*!40101 SET character_set_client = @saved_cs_client */;

--
-- Dumping data for table `employees`
--

LOCK TABLES `employees` WRITE;
/*!40000 ALTER TABLE `employees` DISABLE KEYS */;
INSERT INTO `employees` VALUES (13,155002,'HERNANDEZ MENCHACA','LAURA GRISELDA ','OPERADOR A','DIRECTOS'),(14,154838,'MENDOZA GARCIA','CHRISTIAN OMAR ','OPERADOR A','DIRECTOS'),(15,154831,'HERNANDEZ ROMERO','CARINA IBET ','OPERADOR A','DIRECTOS'),(16,154766,'TORRES CASTA?ON','MYRNA AIDEE ','OPERADOR A','DIRECTOS'),(17,154684,'GUTIERREZ OCHOA','ALFONSO  ','OPERADOR A','DIRECTOS'),(18,154681,'CANDELARIO OCHOA','LORENA DEL CARMEN','OPERADOR A','DIRECTOS'),(19,154386,'JIMENEZ NAJERA','MIGUEL ANGEL ','OPERADOR B','DIRECTOS'),(20,154200,'AVILA ORDAZ','BRENDA GUADALUPE ','OPERADOR A','DIRECTOS'),(21,154017,'AGUIRRE CORRAL','MARIA  ','OPERADOR A','DIRECTOS'),(22,153719,'JARA OJEDA','AARON  ','OPERADOR A','DIRECTOS'),(23,153660,'FLORES ROBLES','GRACIELA PAMELA ','OPERADOR A','DIRECTOS'),(24,153586,'HEREDIA JIMENEZ','CARLA IVONNE ','OPERADOR A','DIRECTOS'),(25,153585,'REYES HERRERA','LUCINA  ','INSPECTOR DE CALIDAD','DIRECTOS'),(26,153132,'ALCANTAR VAZQUEZ','ELVIRA NATALY ','INSPECTOR DE CALIDAD','DIRECTOS'),(27,152960,'BAEZA ARRIETA','GLADIS  ','OPERADOR A','DIRECTOS'),(28,152755,'NAVARRO GRADO','EDGAR ARMANDO ','OPERADOR B','DIRECTOS'),(29,152713,'FLORES GONZALEZ','ANGEL GUADALUPE ','OPERADOR B','DIRECTOS'),(30,152709,'CAMACHO BAILON','HEBERT  ','OPERADOR A','DIRECTOS'),(31,152707,'AGUIRRE MORENO','OSCAR LUIS ','L?DER DE GRUPO A','DIRECTOS'),(32,152580,'NIETO BEJARANO','JOSE LUIS ','OPERADOR A','DIRECTOS'),(33,152362,'AVALOS CASTILLO','MARIA MAGDALENA ','INSPECTOR DE CALIDAD','DIRECTOS'),(34,152262,'CALDERON BAEZ','LAURA LIZETH ','OPERADOR A','DIRECTOS'),(35,151630,'BARRON RAMIREZ','RANDHU ALBAN ','INSPECTOR DE CALIDAD','DIRECTOS'),(36,151540,'LOYA VILLALOBOS','GABRIELA  ','OPERADOR A','DIRECTOS'),(37,151196,'AVI?A LOPEZ','MANUEL ALEJANDRO ','SUPERVISOR DE PRODUCCION','ADMINISTRATIVOS'),(38,150216,'LOPEZ MORALES','LUIS ALBERTO ','OPERADOR B','DIRECTOS'),(39,149423,'GARCIA CANDELARIO','JESUS ANTONIO ','OPERADOR B','DIRECTOS'),(40,149419,'SIGALA MELENDEZ','IRMA GUADALUPE ','OPERADOR A','DIRECTOS'),(41,149248,'RODRIGUEZ RODRIGUEZ','DANIEL  ','SUPERVISOR DE PRODUCCION JR','INDIRECTOS'),(42,148580,'GARDEA MASCORRO','ERICK EDUARDO ','OPERADOR B','DIRECTOS'),(43,148129,'PEREZ MEDINA','DAFNE JAZMIN ','INSPECTOR DE CALIDAD','DIRECTOS'),(44,146744,'GUTIERREZ ROCHA','RODRIGO  ','OPERADOR B','DIRECTOS'),(45,145794,'VILLALOBOS TARIN','MACARIO ALFREDO ','INGENIERO DE LANZAMIENTOS','ADMINISTRATIVOS'),(46,144747,'CALDERON PEREZ','ADRIANA  ','OPERADOR A','DIRECTOS'),(47,144655,'MENDEZ GUTIERREZ','LUIS FERNANDO ','OPERADOR B','DIRECTOS'),(48,144649,'RODRIGUEZ CHACON','MARCOS ALFONSO ','L?DER DE GRUPO B','DIRECTOS'),(49,144377,'REDE GRIEGO','ROCIO GUADALUPE ','OPERADOR A','DIRECTOS'),(50,144329,'VILLARREAL SAENZ','MONICO  ','OPERADOR B','DIRECTOS'),(51,144326,'GUTIERREZ SANDOVAL','JESUS MANUEL ','OPERADOR B','DIRECTOS'),(52,144016,'I?IGUEZ VARGAS','DAGOBERTO  ','OPERADOR B','DIRECTOS'),(53,144010,'VIDALES VAZQUEZ','RAYMUNDO  ','OPERADOR A','DIRECTOS'),(54,143889,'HOLGUIN MARTINEZ','DAVID EDUARDO ','OPERADOR B','DIRECTOS'),(55,143730,'MARTINEZ MARTINEZ','BRYAN SAUL ','MATERIALISTA','DIRECTOS'),(56,143604,'LOPEZ CARRASCO','ELVIA EDELMIRA ','OPERADOR A','DIRECTOS'),(57,143106,'FLORES MORALES','MARTIN MANUEL ','OPERADOR B','DIRECTOS'),(58,142911,'NEVAREZ GONZALEZ','NESTOR MANUEL ','AUXILIAR DE EMBARQUES','INDIRECTOS'),(59,142102,'MOLINAR LOERA','JESUS ARMANDO ','SUPERVISOR DE PRODUCCI?N','ADMINISTRATIVOS'),(60,141659,'MENDEZ BERZOSA','CESAR ERNESTO ','OPERADOR B','DIRECTOS'),(61,141654,'AVILA MORA','MANUEL OMAR ','INSPECTOR DE CALIDAD','DIRECTOS'),(62,140898,'ARAIZA SANCHEZ','JOSE FERNANDO ','OPERADOR A','DIRECTOS'),(63,140893,'GOMEZ VAZQUEZ','ELIZABETH  ','SUPERVISOR DE PRODUCCION','ADMINISTRATIVOS'),(64,139687,'MEDRANO VILLANUEVA','BRIANDA KARINA ','OPERADOR A','DIRECTOS'),(65,138906,'CAMACHO MURUATO','EDGAR  ','OPERADOR B','DIRECTOS'),(66,138641,'MORALES ACOSTA','LUIS ENRIQUE ','OPERADOR B','DIRECTOS'),(67,138535,'ZAVALA SEDANO','LUIS OCTAVIO ','OPERADOR B','DIRECTOS'),(68,138398,'HIDALGO MURO','HERMAN  ','OPERADOR B','DIRECTOS'),(69,137861,'MARQUEZ SANDOVAL','JUAN MANUEL ','MATERIALISTA DE EXTRUSION','DIRECTOS'),(70,137222,'LOPEZ VAZQUEZ','LUIS GERARDO ','OPERADOR B','DIRECTOS'),(71,135791,'CHAVEZ AMAYA','MARTIN  ','OPERADOR B','DIRECTOS'),(72,129954,'ACOSTA KANAKOQUI','RAUL  ','GERENTE DE COMPRAS','ADMINISTRATIVOS'),(73,123712,'GARCIA CHAVEZ','VICTOR HUGO ','OPERADOR B','DIRECTOS'),(74,119768,'BARRAZA BARRAZA','EDGAR ALEJANDRO ','OPERADOR A','DIRECTOS'),(75,117971,'MARTINEZ CARRASCO','RAYMUNDO  ','OPERADOR B','DIRECTOS'),(76,114488,'MELENDEZ DE','SANTIAGO FRANCISCO ANTONIO','OPERADOR A','DIRECTOS'),(77,113160,'MARQUEZ SILVA','PEDRO ABEL ','L?DER DE GRUPO B','DIRECTOS'),(78,110653,'SIFUENTES CONDE','SERGIO ARMANDO ','MANTENIMIENTO','DIRECTOS'),(79,105706,'VAZQUEZ MU?IZ','JUAN RAMON ','OPERADOR A','DIRECTOS'),(80,104522,'MENDOZA FRANCO','HUGO  ','T?CNICO DE MANTENIMIENTO','INDIRECTOS'),(81,104287,'TORRES ALEMAN','GABRIEL  ','TECNICO DE MATERIALES','INDIRECTOS'),(82,103135,'COSSIO UGARTE','MONICA ISELA ','GERENTE DE LANZAMIENTOS','ADMINISTRATIVOS'),(83,103125,'TORRES AVILA','GERARDO  ','INGENIERO DE MANTENIMIENTO','ADMINISTRATIVOS'),(84,102505,'AVILA MARTINEZ','ARMANDO  ','INGENIERO DE PROCESOS','ADMINISTRATIVOS'),(85,101918,'WRIGHT AVILA','JANET PATRICIA ','INSPECTOR DE CALIDAD','INDIRECTOS'),(86,88955,'GONZALEZ BONILLA','GUERRERO IVAN ','MATERIALISTA DE EXTRUSION','DIRECTOS'),(87,88954,'GUERRERO GUEL','CARLOS EUSEBIO ','MATERIALISTA DE EXTRUSION','DIRECTOS'),(88,88953,'GARIBALDI LOPEZ','IVAN NOE ','MATERIALISTA DE EXTRUSION','DIRECTOS'),(89,88952,'GONZALEZ GAYTAN','ARMANDO ARISTEO ','MATERIALISTA','DIRECTOS'),(90,88951,'DIAZ SERNA','JESUS MIGUEL ','MATERIALISTA','DIRECTOS'),(91,88950,'GARCIA GARCIA','JULIO CESAR ','MATERIALISTA','DIRECTOS'),(92,88949,'CATA?O FERNANDEZ','IVAN  ','MATERIALISTA','DIRECTOS'),(93,88948,'LOPEZ AMAYA','JOSE RUBEN ','OPERADOR B','DIRECTOS'),(94,88947,'CERVANTES ANGEL','OLIVER  ','OPERADOR B','DIRECTOS'),(95,88946,'BERNAL ARGUELLES','EDGAR  ','OPERADOR A','DIRECTOS'),(96,88945,'MEJIA TORRES','JUAN RAMON ','OPERADOR A','DIRECTOS'),(97,88944,'QUINTANA GONZALEZ','MAGDALENA  ','OPERADOR A','DIRECTOS'),(98,88943,'RODRIGUEZ REVELES','MARIA DELFINA ','OPERADOR A','DIRECTOS'),(99,88942,'MARTINEZ DIAZ','CINTHYA IVONNE ','OPERADOR A','DIRECTOS'),(100,88941,'CHACON HERNANDEZ','DOLORES SAMANTHA ','OPERADOR A','DIRECTOS'),(101,88940,'GARCIA APARICIO','CHRISTIAN CECILIA ','OPERADOR A','DIRECTOS'),(102,88939,'ONTIVEROS REGALADO','CINTHIA IDALY ','OPERADOR A','DIRECTOS'),(103,88938,'ZUBIA RODRIGUEZ','ERNESTO GUILLERMO ','OPERADOR A','DIRECTOS'),(104,88937,'TREJO PEREZ','JAZIEL  ','OPERADOR A','DIRECTOS'),(105,88936,'ESPINO MARTINEZ','EDGAR IVAN ','OPERADOR A','DIRECTOS'),(106,88935,'MORALES ARAGON','ALAN JAHIR ','MATERIALISTA DE EXTRUSION','DIRECTOS'),(107,88933,'BALTAZAR MAGA?A','JOSE EDUARDO ','OPERADOR B','DIRECTOS'),(108,88932,'CHACON MARRUFO','JONATHAN ULISES ','OPERADOR B','DIRECTOS'),(109,88931,'SAENZ PONCE','EDGAR IVAN ','OPERADOR B','DIRECTOS'),(110,88930,'CARRILLO VAZQUEZ','LUIS EDGAR ','OPERADOR B','DIRECTOS'),(111,88929,'LUNA CARDIEL','IVAN DAVID ','OPERADOR B','DIRECTOS'),(112,88928,'DOMINGUEZ LUNA','HECTOR  ','AUXILIAR DE RECIBOS','DIRECTOS'),(113,88927,'MENDEZ NIEVES','HILDA IRASEMA ','OPERADOR A','DIRECTOS'),(114,88926,'FRANCO RAMIREZ','ALMA GUADALUPE ','OPERADOR A','DIRECTOS'),(115,88925,'MONTA?EZ MARTINEZ','LIZETTE  ','OPERADOR A','DIRECTOS'),(116,88924,'MONTES ESCAJEDA','ALEJANDRA  ','OPERADOR A','DIRECTOS'),(117,88923,'FRANCO RAMIREZ','VERONICA  ','OPERADOR A','DIRECTOS'),(118,88922,'VILLARREAL MEDINA','ANA ISABEL ','OPERADOR A','DIRECTOS'),(119,88921,'ARMENDARIZ BUSTAMANTE','FRANCISCO  ','OPERADOR A','DIRECTOS'),(120,88920,'MARTINEZ SIMENTAL','ERIK EDUARDO ','OPERADOR A','DIRECTOS'),(121,88919,'LEYVA ALVARA','ORALIA  ','OPERADOR A','DIRECTOS'),(122,88918,'NAJERA BARRAZA','OYUKI MARGARITA ','OPERADOR A','DIRECTOS'),(123,88917,'GARCIA SOLTERO','MAIDE ANTONIA ','OPERADOR A','DIRECTOS'),(124,88916,'ORTIZ LOPEZ','JENNIFER  ','OPERADOR A','DIRECTOS'),(125,88915,'BUENO CANO','GRACIELA  ','OPERADOR A','DIRECTOS'),(126,88914,'TAFOYA TRISTE','ELISA ISABEL ','OPERADOR A','DIRECTOS'),(127,88913,'RIVERA VELAZQUEZ','MARIA CRISTINA ','OPERADOR A','DIRECTOS'),(128,88912,'PONCE ALVAREZ','CESAR ALBERTO ','OPERADOR A','DIRECTOS'),(129,88911,'GOMEZ CALDERON','MANUELA  ','OPERADOR A','DIRECTOS'),(130,88910,'LUNA LOPEZ','ALEJANDRO  ','OPERADOR A','DIRECTOS'),(131,88909,'FLORES FLORES','MARTHA CAROLINA ','OPERADOR A','DIRECTOS'),(132,88908,'VILLA BUENO','MARIA GUADALUPE ','OPERADOR A','DIRECTOS'),(133,88907,'CHACON AGUIRRE','CARMEN BIBIANA ','OPERADOR A','DIRECTOS'),(134,88906,'SORIA OGAZ','LAURA CRISTINA ','OPERADOR A','DIRECTOS'),(135,88905,'GARCIA SOLTERO','PAOLA IVONNE ','OPERADOR A','DIRECTOS'),(136,88904,'ESTRADA PI?ON','MARIA DE LOS','OPERADOR A','DIRECTOS'),(137,88903,'ARIAS MARIN','ANAIS  ','OPERADOR A','DIRECTOS'),(138,88902,'CORONADO GINEZ','ELIZABETH  ','OPERADOR A','DIRECTOS'),(139,88901,'LUNA LOPEZ','ELVIRA  ','OPERADOR A','DIRECTOS'),(140,88900,'GONZALEZ RUIZ','GABRIELA  ','OPERADOR A','DIRECTOS'),(141,88899,'ESPINOZA FLORES','ANGELICA  ','OPERADOR A','DIRECTOS'),(142,88898,'PEREZ URIBE','CRUZ JANETH ','OPERADOR A','DIRECTOS'),(143,88897,'HERNANDEZ RAMIREZ','PAOLA ELIZABETH ','OPERADOR A','DIRECTOS'),(144,88896,'CHAVIRA CASTRO','DIANA JOLIET ','OPERADOR A','DIRECTOS'),(145,88895,'CASTILLO MONTES','ARACELI  ','OPERADOR A','DIRECTOS'),(146,88894,'MALDONADO NAVARRETE','ZAYRA RUBIETH ','OPERADOR A','DIRECTOS'),(147,88892,'PONCE ALVAREZ','ABELARDO  ','MATERIALISTA DE EXTRUSION','DIRECTOS'),(148,88891,'ESTRADA ALVAREZ','CHRISTIAN GERARDO ','MATERIALISTA DE EXTRUSION','DIRECTOS'),(149,88890,'HERNANDEZ CHAVEZ','TOMAS  ','MATERIALISTA DE EXTRUSION','DIRECTOS'),(150,88889,'MELENDEZ GLORIA','JOSE LUIS ','OPERADOR B','DIRECTOS'),(151,88888,'GUZMAN PEREZ','FRANCISCO JAVIER ','OPERADOR B','DIRECTOS'),(152,88887,'ALMANZA RODRIGUEZ','MARTIN  ','OPERADOR B','DIRECTOS'),(153,88886,'FLORES ANCHONDO','ANA GLORIA ','OPERADOR A','DIRECTOS'),(154,88885,'MARTINEZ SANCHEZ','PAMELA  ','OPERADOR A','DIRECTOS'),(155,88884,'GARCIA PINEDA','MARIA DEL CARMEN','OPERADOR A','DIRECTOS'),(156,88883,'VEGA LAZCANO','VALENTINA  ','OPERADOR A','DIRECTOS'),(157,88882,'ROMERO MOLINA','CLAUDIA MARGARITA ','OPERADOR A','DIRECTOS'),(158,88881,'FLORES SILVA','FLORESENIA  ','OPERADOR A','DIRECTOS'),(159,88880,'GOMEZ CALDERA','MARIA GUILLERMINA ','OPERADOR A','DIRECTOS'),(160,88879,'MENA HERNANDEZ','ADRIANA  ','OPERADOR A','DIRECTOS'),(161,88878,'ARCINIEGA GONZALEZ','MARIA ELENA ','OPERADOR A','DIRECTOS'),(162,88877,'HERNANDEZ MARQUEZ','VALERIA  ','OPERADOR A','DIRECTOS'),(163,88876,'CARRASCO ANCHONDO','FRANCISCO JAVIER ','OPERADOR A','DIRECTOS'),(164,88875,'PEREZ LOPEZ','LIZBETH LUCERO ','OPERADOR A','DIRECTOS'),(165,88874,'RODRIGUEZ JAQUEZ','NIEVES CRISTINA ','OPERADOR A','DIRECTOS'),(166,88873,'RAMOS PEREZ','NAIMA  ','OPERADOR A','DIRECTOS'),(167,88872,'ACOSTA OJEDA','CRISTAL  ','OPERADOR A','DIRECTOS'),(168,88871,'GARCIA ARREDONDO','BERTHA CECILIA ','OPERADOR A','DIRECTOS'),(169,88870,'CARO TORRES','CLAUDIA JANETT ','OPERADOR A','DIRECTOS'),(170,88869,'ARCINIEGA GONZALEZ','CRUZ ESTELA ','OPERADOR A','DIRECTOS'),(171,88868,'LOZOYA PALOS','BRENDA AZUCENA ','OPERADOR A','DIRECTOS'),(172,88867,'PE?A PE?A','ERNESTO ADRIAN ','OPERADOR A','DIRECTOS'),(173,88866,'PEREZ ALONSO','KEVIN EDUARDO ','OPERADOR A','DIRECTOS'),(174,88865,'HERNANDEZ GINER','JORGE ALBERTO ','OPERADOR A','DIRECTOS'),(175,88864,'MARTINEZ SANTILLANES','CYNTHIA SARAHY ','OPERADOR A','DIRECTOS'),(176,88863,'TAGLE OLIVAS','GRACIELA  ','OPERADOR A','DIRECTOS'),(177,88862,'RAMOS HERNANDEZ','LAURA CRISTINA ','OPERADOR A','DIRECTOS'),(178,88861,'ALVIDREZ FAUDOA','DANIELA  ','OPERADOR A','DIRECTOS'),(179,88860,'DE LA','CRUZ PORRAS ROSA','OPERADOR A','DIRECTOS'),(180,88859,'ALEMAN SAMANIEGO','IVAN NOE ','OPERADOR A','DIRECTOS'),(181,88858,'GOMEZ NU?EZ','RAUL  ','OPERADOR A','DIRECTOS'),(182,88857,'VILLARREAL SAENZ','JUAN JOSE ','OPERADOR A','DIRECTOS'),(183,88856,'MARTINEZ PAVIA','CLAUDIA ARACELY ','OPERADOR A','DIRECTOS'),(184,88854,'LOPEZ TERRAZAS','PERLA GUADALUPE ','OPERADOR A','DIRECTOS'),(185,88853,'IBARRA CARREON','ANA LUCIA ','OPERADOR A','DIRECTOS'),(186,88852,'ARELLANES DOMINGUEZ','ELIZABETH  ','OPERADOR A','DIRECTOS'),(187,88851,'RUIZ GONZALEZ','JOHANA ELIZABETH ','OPERADOR A','DIRECTOS'),(188,88850,'CAMACHO SALAS','YOLANDA CAROLINA ','OPERADOR A','DIRECTOS'),(189,88849,'REYNA TORRES','BLANCA CECILIA ','COORDINADOR DE SISTEMA DE CALIDAD','ADMINISTRATIVOS'),(190,88846,'CHAIREZ MU?IZ','MARIA DE LOURDES','OPERADOR A','DIRECTOS'),(191,88845,'MARTINEZ SANCHEZ','MARCELA  ','OPERADOR A','DIRECTOS'),(192,88844,'SIGALA CARDENAS','FLOR OYUKI ','OPERADOR A','DIRECTOS'),(193,88843,'BUENO CANO','VICTORIA CITLALY ','OPERADOR A','DIRECTOS'),(194,88841,'MADRIGAL DEL','RIO GABRIELA ','OPERADOR A','DIRECTOS'),(195,88840,'AYALA CASTRO','CRUZ ELENA ','OPERADOR A','DIRECTOS'),(196,88839,'SALCIDO SANCHEZ','MARIA DEL REFUGIO','OPERADOR A','DIRECTOS'),(197,88838,'CARRILLO BLANCA','LETICIA  ','OPERADOR A','DIRECTOS'),(198,88837,'MARTINEZ AVILEZ','JESUS MANUEL ','OPERADOR A','DIRECTOS'),(199,88836,'SILVA CHACON','CRISTIAN ABELARDO ','OPERADOR A','DIRECTOS'),(200,88834,'GONZALEZ FAUDOA','HECTOR MARIO ','OPERADOR A','DIRECTOS'),(201,88833,'ORTIZ LIMAS','JORGE LUIS ','OPERADOR A','DIRECTOS'),(202,88832,'MEJIA BARAJAS','AARON  ','OPERADOR A','DIRECTOS'),(203,88831,'SALVATIERRA AMAYA','KARINA GUADALUPE ','OPERADOR A','DIRECTOS'),(204,88830,'DE LA','ROSA VALENZUELA ELSA','OPERADOR A','DIRECTOS'),(205,88829,'GARDEA SOTO','CYNTHIA GUADALUPE ','OPERADOR A','DIRECTOS'),(206,88827,'NA?EZ ACEVES','JESSICA PAOLA ','OPERADOR A','DIRECTOS'),(207,88826,'YA?EZ HERNANDEZ','ELIZABETH  ','L?DER DE GRUPO A','DIRECTOS'),(208,88825,'ZUBIA TARANGO','DIANA AMAIRANI ','OPERADOR A','DIRECTOS'),(209,88824,'HERNANDEZ GARCIA','MANUEL  ','L?DER DE GRUPO A','DIRECTOS'),(210,88823,'REMIGIO MONTES','MAYRA JANET ','INSPECTOR DE CALIDAD','DIRECTOS'),(211,88822,'RUIZ GABINO','DALIA IVETH ','OPERADOR A','DIRECTOS'),(212,88821,'SAUCEDO ESPINDOLA','SANJUANA  ','INSPECTOR DE CALIDAD','DIRECTOS'),(213,88820,'VALENZUELA MACIAS','ADRIAN ESTEBAN ','OPERADOR B','DIRECTOS'),(214,88819,'MENDEZ FRANCO','MIRNA  ','OPERADOR A','DIRECTOS'),(215,88817,'FERNANDEZ VARELA','VICTOR MANUEL ','OPERADOR B','DIRECTOS'),(216,88816,'BRITO RIVERA','TERESITA DE JESUS','OPERADOR A','DIRECTOS'),(217,88815,'MARTINEZ RODRIGUEZ','PATRICIA MARIA ','OPERADOR A','DIRECTOS'),(218,88814,'QUINTANA RAMIREZ','GRACIELA  ','OPERADOR A','DIRECTOS'),(219,88813,'OROZCO VASQUEZ','RITO EDUARDO ','OPERADOR A','DIRECTOS'),(220,88812,'MU?IZ ESCOBAR','REBECA JANELY ','OPERADOR A','DIRECTOS'),(221,88811,'PA?UELAS CHAVEZ','JENNIFER RUBI ','OPERADOR A','DIRECTOS'),(222,88810,'LOPEZ CARRERA','ANA LILIA ','OPERADOR A','DIRECTOS'),(223,88809,'PULIDO MONARREZ','GABRIELA YAMILET ','OPERADOR A','DIRECTOS'),(224,88808,'LOPEZ LARA','ILSE JAZMIN ','OPERADOR A','DIRECTOS'),(225,88807,'FERNANDEZ CASTRO','MARTIN IVAN ','OPERADOR A','DIRECTOS'),(226,88806,'SANTOS LOPEZ','DANIEL  ','OPERADOR A','DIRECTOS'),(227,88805,'SERRANO ISAIAS','KAREN ANGELICA ','OPERADOR A','DIRECTOS'),(228,88804,'TOQUINTO AYALA','NUBIA  ','OPERADOR A','DIRECTOS'),(229,88803,'TOQUINTO AYALA','MAYRA SARAHI ','OPERADOR A','DIRECTOS'),(230,88802,'ESTRADA PI?ON','MARINA  ','OPERADOR A','DIRECTOS'),(231,88801,'GASPAR GARCIA','MAYRA MARGARITA ','OPERADOR A','DIRECTOS'),(232,88800,'CARDENAS GUERRERO','OSCAR URIEL ','OPERADOR A','DIRECTOS'),(233,88799,'RIVERA MANQUERO','YESSICA MARIA ','INSPECTOR DE CALIDAD','DIRECTOS'),(234,88798,'CATA?O MENDEZ','MIRIAM ELOISA ','INSPECTOR DE CALIDAD','DIRECTOS'),(235,88797,'CORDERO MU?OZ','BLANCA YAZMIN ','INSPECTOR DE CALIDAD','DIRECTOS'),(236,88793,'ESPINOZA ESCOBAR','HECTOR MANUEL ','OPERADOR A','DIRECTOS'),(237,88792,'HOLGUIN SAENZ','OMAR FABIAN ','OPERADOR A','DIRECTOS'),(238,88791,'CHAVEZ CHAVEZ','LORENZO  ','OPERADOR A','DIRECTOS'),(239,88790,'NU?EZ VAZQUEZ','BRENDA IVETH ','OPERADOR A','DIRECTOS'),(240,88789,'SOTO GONZALEZ','CLAUDIA VANESSA ','OPERADOR A','DIRECTOS'),(241,88788,'CRUZ GUERRA','ADRIAN ALBERTO ','OPERADOR A','DIRECTOS'),(242,88787,'MARRUFO RODRIGUEZ','JOSE GUADALUPE ','OPERADOR A','DIRECTOS'),(243,88785,'ARANDA AGUILAR','YOLANDA FABIOLA ','OPERADOR A','DIRECTOS'),(244,88783,'CHAVEZ LUCERO','JORGE LUIS ','MATERIALISTA DE EXTRUSION','DIRECTOS'),(245,88782,'LANDEROS RAMOS','ANGEL  ','OPERADOR A','DIRECTOS'),(246,88781,'HERRERA PEREZ','JESUS ALBERTO ','OPERADOR A','DIRECTOS'),(247,88780,'MENDOZA RIVAS','ESTEBAN  ','OPERADOR A','DIRECTOS'),(248,88779,'JUAREZ CERA','ERIK  ','OPERADOR A','DIRECTOS'),(249,88778,'FRAIRE DURAN','KARINA IMELDA ','OPERADOR A','DIRECTOS'),(250,88777,'RIOS GONZALEZ','DIANA YANNETH ','OPERADOR A','DIRECTOS'),(251,88776,'FERNANDEZ HERRERA','KASANDRA  ','OPERADOR A','DIRECTOS'),(252,88775,'CARDENAS LUCERO','IVAN  ','OPERADOR A','DIRECTOS'),(253,88774,'AYALA BAEZA','OCTAVIO  ','OPERADOR A','DIRECTOS'),(254,88773,'CALDERON GUERRERO','ARACELY  ','OPERADOR A','DIRECTOS'),(255,88772,'GONZALEZ GARCIA','ESTEFANIA  ','OPERADOR A','DIRECTOS'),(256,88771,'ESCOBAR TORRES','LAURA RAQUEL ','OPERADOR A','DIRECTOS'),(257,88770,'RODRIGUEZ SILVA','ISELA  ','OPERADOR A','DIRECTOS'),(258,88768,'SOTO ESTRADA','VALERIA AIDEE ','OPERADOR A','DIRECTOS'),(259,88767,'MONGE SEGOVIA','OLIVIA  ','OPERADOR A','DIRECTOS'),(260,88766,'SANTILLANES GUILLEN','RUBEN ADRIAN ','OPERADOR A','DIRECTOS'),(261,88765,'GUAJARDO LOPEZ','CYNTHIA MARGARITA ','OPERADOR A','DIRECTOS'),(262,88764,'JIMENEZ CARMONA','JORGE ALBERTO ','OPERADOR A','DIRECTOS'),(263,88763,'GAMBOA CARRASCO','MANUEL  ','OPERADOR A','DIRECTOS'),(264,88762,'TERRAZAS PIZARRO','MARIA DEL CARMEN','OPERADOR A','DIRECTOS'),(265,88761,'RUIZ FLORES','IMELDA GUADALUPE ','OPERADOR A','DIRECTOS'),(266,88760,'RUIZ SANCHEZ','ITZEL MORAIMA ','OPERADOR A','DIRECTOS'),(267,88758,'REYES MU?OZ','OSCAR IVAN ','OPERADOR A','DIRECTOS'),(268,88757,'SOLTERO HERNANDEZ','HEIDY CORAL ','OPERADOR A','DIRECTOS'),(269,88756,'ACOSTA CARNERO','KARLA KARINA ','OPERADOR A','DIRECTOS'),(270,88755,'GUTIERREZ GONZALEZ','JOSE DANIEL ','OPERADOR A','DIRECTOS'),(271,88754,'ZUBIA GONZALEZ','KAREN ABIGAIL ','OPERADOR A','DIRECTOS'),(272,88752,'REZA TRISTAN','CARMEN ALICIA ','OPERADOR A','DIRECTOS'),(273,88751,'RAMOS GUTIERREZ','VALENTINA  ','OPERADOR A','DIRECTOS'),(274,88750,'MORENO LARA','LIDIA BERENICE ','OPERADOR A','DIRECTOS'),(275,88749,'TORRES MARTINEZ','KARELY GUADALUPE ','OPERADOR A','DIRECTOS'),(276,88748,'HEREDIA LOPEZ','BRENDA GUADALUPE ','OPERADOR A','DIRECTOS'),(277,88745,'RAMIREZ SALGADO','CARLOS ALBERTO ','OPERADOR A','DIRECTOS'),(278,88744,'MONTALVO ORTIZ','MARIBEL  ','OPERADOR A','DIRECTOS'),(279,88743,'CUEVAS SOTELO','JORGE ALBERTO ','GERENTE DE LOG?STICA','ADMINISTRATIVOS'),(280,88740,'SERRANO MOLINA','ROSA ESMERALDA ','OPERADOR A','DIRECTOS'),(281,88739,'RIVERA MORALES','VICTOR ALFONSO ','OPERADOR A','DIRECTOS'),(282,88738,'SAENZ SAMANIEGO','ADILENE MAGDALENA ','OPERADOR A','DIRECTOS'),(283,88737,'JIMENEZ OLIVAS','KATIA ESTEFANIA ','OPERADOR A','DIRECTOS'),(284,88736,'GALLEGOS CORRAL','MISAEL ALEJANDRO ','OPERADOR A','DIRECTOS'),(285,88735,'PE?A LOPEZ','EMMANUEL  ','OPERADOR A','DIRECTOS'),(286,88734,'PIZARRO PADILLA','PATRICIA ARACELI ','OPERADOR A','DIRECTOS'),(287,88733,'MONTA?EZ CHAVEZ','JESUS ADAN ','OPERADOR A','DIRECTOS'),(288,88732,'SALCEDO SANCHEZ','JONATAN OSWALDO ','OPERADOR A','DIRECTOS'),(289,88731,'MARTINEZ CHAIREZ','ROLANDO  ','OPERADOR A','DIRECTOS'),(290,88730,'MORA DE','LA RIVA NANCY','OPERADOR A','DIRECTOS'),(291,88729,'DURAN BA?ALES','JORGE ARMANDO ','OPERADOR A','DIRECTOS'),(292,88728,'GONZALEZ ESCAJEDA','HORTENSIA  ','OPERADOR A','DIRECTOS'),(293,88726,'SIFUENTES DELGADO','JOSE ALEJANDRO ','OPERADOR A','DIRECTOS'),(294,88725,'RODRIGUEZ PRIETO','ABELARDO  ','OPERADOR A','DIRECTOS'),(295,88724,'MEZA CRUZ','MARIA DE JESUS','OPERADOR A','DIRECTOS'),(296,88722,'HUERTA ONTIVEROS','JANETH GABRIELA ','OPERADOR A','DIRECTOS'),(297,88721,'MONTALVO IRASEMA','  ','OPERADOR A','DIRECTOS'),(298,88720,'APARICIO GARCIA','JUANA DANIELA ','OPERADOR A','DIRECTOS'),(299,88719,'GONZALEZ LARA','MARIA CONCEPCION ','OPERADOR A','DIRECTOS'),(300,88718,'DURAN LOYA','CRISTHIAN MANUEL ','OPERADOR A','DIRECTOS'),(301,88717,'TARIN MAYNEZ','MAYRA JAZMIN ','OPERADOR A','DIRECTOS'),(302,88715,'ELOSEGUI VILLA','GABRIELA  ','OPERADOR A','DIRECTOS'),(303,88714,'TORRES FIGUEROA','OSCAR LUIS ','MATERIALISTA','DIRECTOS'),(304,88713,'HERNANDEZ FERNANDEZ','OSCAR DANIEL ','MATERIALISTA DE EXTRUSION','DIRECTOS'),(305,88711,'ROBLEDO SALAS','DANIEL  ','MATERIALISTA DE EXTRUSION','DIRECTOS'),(306,88708,'LIVAS EDITH','  ','L?DER DE GRUPO A','DIRECTOS'),(307,88707,'NIETO CHAVEZ','EDGAR AGUSTIN ','L?DER DE GRUPO A','DIRECTOS'),(308,88706,'GUERRERO ESTRADA','VICTOR HUGO ','OPERADOR B','DIRECTOS'),(309,88705,'GARCIA MARTINEZ','PAOLA GUADALUPE ','OPERADOR A','DIRECTOS'),(310,88704,'DELGADO GUARDIOLA','DANIEL EDUARDO ','OPERADOR A','DIRECTOS'),(311,88703,'VILLASE?OR CHAVEZ','LUIS GERARDO ','OPERADOR A','DIRECTOS'),(312,88702,'GANDARILLA GONZALEZ','JOSE ANGEL ','OPERADOR A','DIRECTOS'),(313,88699,'CHAVEZ GOMEZ','EDGAR IVAN ','OPERADOR A','DIRECTOS'),(314,88698,'CHAVEZ BARRAZA','MA LOURDES ','OPERADOR A','DIRECTOS'),(315,88695,'MADRID CAMACHO','LINDY JULISSA ','OPERADOR A','DIRECTOS'),(316,88694,'MARTINEZ MEDINA','ALEJANDRA BERENICE ','OPERADOR A','DIRECTOS'),(317,88693,'CHAVEZ DELGADO','SOFIA ELENA ','OPERADOR A','DIRECTOS'),(318,88692,'RUIZ SOSA','MARIA GUADALUPE ','OPERADOR A','DIRECTOS'),(319,88691,'RODRIGUEZ AVILA','BEATRIZ ARIANA ','OPERADOR A','DIRECTOS'),(320,88690,'AVALOS MARTINEZ','LESLIE ARELY ','OPERADOR A','DIRECTOS'),(321,88688,'CHAPARRO MODESTO','LUIS GUILLERMO ','SUPERVISOR DE PRODUCCION JR','INDIRECTOS'),(322,88687,'BACA MARQUEZ','LAZARO IVAN ','SUPERVISOR DE CALIDAD JR','INDIRECTOS'),(323,88686,'SEGOVIA GUARDIOLA','LUIS ALFREDO ','INGENIERO JR DE NVOS PROYECTOS','INDIRECTOS'),(324,88685,'SAENZ CASTA?EDA','FERNANDO ALONSO ','OPERADOR B','DIRECTOS'),(325,88684,'LOPEZ LOPEZ','VIRIDIANA  ','OPERADOR A','DIRECTOS'),(326,88683,'MONTES SAENZ','MIRIAM  ','OPERADOR A','DIRECTOS'),(327,88682,'RODRIGUEZ JIMENEZ','MARTHA DOLORES ','OPERADOR A','DIRECTOS'),(328,88681,'VARGAS PINEDO','EUNICE  ','OPERADOR A','DIRECTOS'),(329,88680,'RETANA LEOS','LUIS ADAN ','OPERADOR A','DIRECTOS'),(330,88679,'RODRIGUEZ SOTO','DANIEL  ','OPERADOR A','DIRECTOS'),(331,88676,'ROCHA RODRIGUEZ','KARLA BERENICE ','OPERADOR A','DIRECTOS'),(332,88675,'SIFUENTES GASPAR','ANA LUISA ','OPERADOR A','DIRECTOS'),(333,88670,'GONZALEZ SALAS','ISIS ARACELY ','OPERADOR A','DIRECTOS'),(334,88669,'TRISTAN LOPEZ','PATRICIA MARISOL ','OPERADOR A','DIRECTOS'),(335,88668,'PAYAN MARCIAL','NIDIA SARAHI ','OPERADOR A','DIRECTOS'),(336,88667,'GRACIANO MARCIAL','SANDRA IVETT ','OPERADOR A','DIRECTOS'),(337,88666,'VALDES MORENO','ROSALIA  ','OPERADOR A','DIRECTOS'),(338,88664,'CARBAJAL CASTRO','KARINA GUADALUPE ','OPERADOR A','DIRECTOS'),(339,88663,'ONTIVEROS HERRERA','YOLANDA  ','OPERADOR A','DIRECTOS'),(340,88662,'ISIDRO MOYA','FRANCISCA GUADALUPE ','OPERADOR A','DIRECTOS'),(341,88660,'URBINA SALAZAR','JOSE MANUEL ','OPERADOR B','DIRECTOS'),(342,88656,'IBARRA HERNANDEZ','BRENDA LARIZA ','OPERADOR A','DIRECTOS'),(343,88653,'VALLES ROJAS','URIEL ALEXIS ','OPERADOR A','DIRECTOS'),(344,88652,'PRIETO DIAZ','JAVIER ALONSO ','OPERADOR A','DIRECTOS'),(345,88651,'LICEA LARRAZOLO','DANIEL  ','OPERADOR A','DIRECTOS'),(346,88649,'MENDEZ ROSALES','LUIS DANIEL ','OPERADOR A','DIRECTOS'),(347,88648,'ARRIETA CERVANTES','GENARO JANZEEL ','OPERADOR A','DIRECTOS'),(348,88645,'SOTO MARIA','GUADALUPE  ','OPERADOR A','DIRECTOS'),(349,88644,'FLORES PORTILLO','EMMA PAULINA ','OPERADOR A','DIRECTOS'),(350,88643,'NATIVIDAD CARDENAS','ANA PATRICIA ','OPERADOR A','DIRECTOS'),(351,88640,'ROMERO CERROS','MANUELA  ','OPERADOR A','DIRECTOS'),(352,88639,'BRACAMONTES MUNDO','ROCIO JAQUELINE ','OPERADOR A','DIRECTOS'),(353,88637,'ANCHONDO RAMOS','MAYRA MARGARITA ','OPERADOR A','DIRECTOS'),(354,88635,'FORTANEL MONTES','CELESTE YARABI ','OPERADOR A','DIRECTOS'),(355,88634,'MARTINEZ PEREZ','NALLELY AIDEE ','OPERADOR A','DIRECTOS'),(356,88633,'SANCHEZ HERNANDEZ','ERIKA  ','OPERADOR A','DIRECTOS'),(357,88629,'DURON FUENTES','LUIS GERARDO ','OPERADOR B','DIRECTOS'),(358,88628,'PEDROZA ACOSTA','IVAN  ','OPERADOR B','DIRECTOS'),(359,88626,'ALMADER COTA','MIGUEL ANGEL ','OPERADOR A','DIRECTOS'),(360,88625,'MARQUEZ CABALLERO','MARTIN  ','PROTOTIPOS','DIRECTOS'),(361,88624,'ARENAS SOTO','MIRIAM NATALY ','OPERADOR A','DIRECTOS'),(362,88623,'REDE MENDOZA','SARAHY CRISTINA ','OPERADOR A','DIRECTOS'),(363,88622,'MARQUEZ ZENDEJAS','KARINA YARITZA ','OPERADOR A','DIRECTOS'),(364,88621,'CRUZ CAMPA','JESUS JAVIER ','OPERADOR B','DIRECTOS'),(365,88617,'SAENZ MOLINA','ABRAHAM  ','OPERADOR A','DIRECTOS'),(366,88616,'LOPEZ ROJAS','ALONSO  ','OPERADOR A','DIRECTOS'),(367,88615,'ESTRADA HERNANDEZ','VICENTE  ','OPERADOR A','DIRECTOS'),(368,88613,'ORTIZ MARTINEZ','BERENICE  ','OPERADOR A','DIRECTOS'),(369,88611,'VALLE CARRASCO','PERLA YAZMIN ','OPERADOR A','DIRECTOS'),(370,88608,'MEDRANO SOTELO','NADIA JANET ','OPERADOR A','DIRECTOS'),(371,88607,'ARMENDARIZ BUSTAMANTE','EDGAR ALAN ','OPERADOR B','DIRECTOS'),(372,88605,'FERNANDEZ SALGADO','GUADALUPE  ','OPERADOR A','DIRECTOS'),(373,88603,'RODRIGUEZ LARA','NORMA GABRIELA ','OPERADOR A','DIRECTOS'),(374,88600,'SEGOVIA CERVANTES','MARIO ALBERTO ','OPERADOR A','DIRECTOS'),(375,88599,'RODRIGUEZ FIGUEROA','IVETH  ','INGENIERO DE CALIDAD','ADMINISTRATIVOS'),(376,88598,'BERNAL GONZALEZ','JOSE EDUARDO ','REPRESENTANTE DE SERVICIO AL CLIENTE','ADMINISTRATIVOS'),(377,88597,'MATA ORDU?O','ANA LAURA ','REPRESENTANTE DE SERVICIO AL CLIENTE','ADMINISTRATIVOS'),(378,88596,'REYES SANTOS','LUIS RICARDO ','COMPRADOR DE HERRAMENTALES','ADMINISTRATIVOS'),(379,88594,'VALTIERRA AGUILERA','JULIO CESAR ','MATERIALISTA','DIRECTOS'),(380,88593,'RODRIGUEZ CHAVARRIA','RAUL VICENTE ','OPERADOR A','DIRECTOS'),(381,88590,'RODRIGUEZ RENTERIA','JESUS  ','OPERADOR A','DIRECTOS'),(382,88589,'VILLESCAS CARTA','JOAN  ','OPERADOR A','DIRECTOS'),(383,88588,'SANCHEZ ZU?IGA','MARIA GUADALUPE ','OPERADOR A','DIRECTOS'),(384,88587,'LAZCANO MANQUERO','OSCAR ALBERTO ','OPERADOR A','DIRECTOS'),(385,88586,'ESTRADA DE','LA ROSA CARMEN','OPERADOR A','DIRECTOS'),(386,88584,'ESQUIVEL GUTIERREZ','BLANCA IVONNE ','OPERADOR A','DIRECTOS'),(387,88583,'SOTO MARQUEZ','CESAR GUSTAVO ','OPERADOR A','DIRECTOS'),(388,88582,'ROCHA SANCHEZ','MARIA REBECA ','OPERADOR A','DIRECTOS'),(389,88581,'SANCHEZ HEREDIA','PALOMA EDITH ','OPERADOR A','DIRECTOS'),(390,88577,'CARRASCO ZUBIA','MANUELA  ','OPERADOR A','DIRECTOS'),(391,88575,'PARRA GARCIA','ROSA ELENA ','OPERADOR A','DIRECTOS'),(392,88573,'LOPEZ VERDUZCO','JESUS ALFREDO ','SUPERINTEDENTE DE PRODUCCION','ADMINISTRATIVOS'),(393,88571,'MORALES CORONEL','LUIS CARLOS ','MATERIALISTA','DIRECTOS'),(394,88569,'JIMENEZ RAMIREZ','ERIK  ','MATERIALISTA','DIRECTOS'),(395,88568,'VILLALOBOS SILVA','CESAR OMAR ','M.R.P. EXPEDITADOR JR','INDIRECTOS'),(396,88567,'BEJARANO RUELAS','KEVIN ETZEL ','INGENIERO INDUSTRIAL JR','INDIRECTOS'),(397,88566,'GUERRERO GARCIA','ALLAN ISRAL ','INGENIERO INDUSTRIAL','ADMINISTRATIVOS'),(398,88565,'NOE MONTES','ANGEL GREGORIO ','SUPERINTEDENTE DE PRODUCCION','ADMINISTRATIVOS'),(399,88563,'VALERIO CARTA','SARA IVON ','OPERADOR A','DIRECTOS'),(400,88562,'AVILES ARMENDARIZ','SANDRA  ','OPERADOR A','DIRECTOS'),(401,88559,'BETANCE MARTA','MARIA DEL CARMEN','OPERADOR A','DIRECTOS'),(402,88558,'ESTUPI?AN AVALOS','PATRICIA AURORA ','OPERADOR A','DIRECTOS'),(403,88557,'CORTEZ RODRIGUEZ','MARIA GUADALUPE ','OPERADOR A','DIRECTOS'),(404,88556,'DIAZ RODRIGUEZ','GLORIA LETICIA ','OPERADOR A','DIRECTOS'),(405,88554,'HERNANDEZ TORRES','ADRIAN  ','OPERADOR A','DIRECTOS'),(406,88551,'PIZARRO SORIA','LUIS RICARDO ','OPERADOR A','DIRECTOS'),(407,88550,'PONCE GARCIA','NOHEMI  ','OPERADOR A','DIRECTOS'),(408,88549,'DOMINGUEZ GALLEGOS','JONATHAN  ','OPERADOR A','DIRECTOS'),(409,88547,'HERNANDEZ NIETO','LUIS ALFONSO ','OPERADOR A','DIRECTOS'),(410,88546,'SANCHEZ MENDOZA','ABEL  ','OPERADOR A','DIRECTOS'),(411,88545,'RUIZ GARDEA','RAUL  ','OPERADOR A','DIRECTOS'),(412,88535,'CHAVARRIA ESPARZA','EVERARDO  ','OPERADOR A','DIRECTOS'),(413,88531,'RIOS FRAIRE','YOANA ELIDA ','OPERADOR A','DIRECTOS'),(414,88530,'OCHOA SOLIS','LORENZO JAVIER ','OPERADOR A','DIRECTOS'),(415,88526,'FLORES RODRIGUEZ','LUIS EDUARDO ','OPERADOR A','DIRECTOS'),(416,88524,'VALENZUELA FERNANDEZ','ELU ISAI ','OPERADOR B','DIRECTOS'),(417,88520,'TREJO PE?A','LUIS BERNARDO ','OPERADOR B','DIRECTOS'),(418,88518,'GARCIA SILVA','HILDA VERONICA ','OPERADOR A','DIRECTOS'),(419,88516,'VALENCIA BRITO','FRANCISCO RAUL ','MATERIALISTA','DIRECTOS'),(420,88511,'ROSAS AGUILAR','ERIKA MARGARITA ','INSPECTOR DE CALIDAD','DIRECTOS'),(421,88510,'MIRELES GUERRERO','KARLA PATRICIA ','INSPECTOR DE CALIDAD','DIRECTOS'),(422,88501,'MORALES LICON','CARLOS ISMAEL ','OPERADOR A','DIRECTOS'),(423,88499,'BAILON FRAIRE','MAYRA JANNETH ','OPERADOR A','DIRECTOS'),(424,88497,'RODRIGUEZ BELTRAN','MARIA LAURA ADELINA','OPERADOR A','DIRECTOS'),(425,88496,'ORTIZ ZUBIA','LOURDES SUSANA ','OPERADOR A','DIRECTOS'),(426,88495,'ROMAN TORRES','JOSE LUIS ','OPERADOR A','DIRECTOS'),(427,88492,'JAVIER GOMEZ','JAIME  ','OPERADOR A','DIRECTOS'),(428,88490,'PAYAN CASTA?EDA','LUIS ROBERTO ','OPERADOR A','DIRECTOS'),(429,88489,'SOTELO SOTO','MARCO ALEJANDRO ','INSPECTOR DE VULKANIZADO','DIRECTOS'),(430,88488,'PAYAN PAVIA','KAREN ILEANA ','INSPECTOR DE VULKANIZADO','DIRECTOS'),(431,88487,'PEREZ CASTILLO','YATZELY PAMELA ','INSPECTOR DE VULKANIZADO','DIRECTOS'),(432,88486,'ALVIDREZ ALVIDREZ','DIANA JAZMIN ','INSPECTOR DE VULKANIZADO','DIRECTOS'),(433,88485,'FRANCO PADILLA','ADRIANA GUADALUPE ','INSPECTOR DE VULKANIZADO','DIRECTOS'),(434,88484,'NAVA ARO?A','RAFAEL  ','INSPECTOR DE VULKANIZADO','DIRECTOS'),(435,88483,'GARIBAY PALOMINO','JOSE LUIS ','INSPECTOR DE CALIDAD','INDIRECTOS'),(436,88481,'PEREZ PERALES','LUIS ALEJANDRO ','ASISTENTE DE RECURSOS HUMANOS','ADMINISTRATIVOS'),(437,88474,'MARTINEZ MARTA','ERICK MANUEL ','OPERADOR A','DIRECTOS'),(438,88473,'SIFUENTES SEGOVIA','MIREYA  ','OPERADOR A','DIRECTOS'),(439,88471,'PIEDRA ESQUIVEL','BLANCA GUADALUPE ','OPERADOR A','DIRECTOS'),(440,88468,'LEYVA CHAVARRIA','ISAAC  ','OPERADOR A','DIRECTOS'),(441,88464,'RIVERA SAMANIEGO','LUIS GEOVANNY ','OPERADOR A','DIRECTOS'),(442,88463,'LOPEZ CARRASCO','NADIA MIREYA ','OPERADOR A','DIRECTOS'),(443,88462,'RAMIREZ HERMOSILLO','CECILIA  ','OPERADOR A','DIRECTOS'),(444,88460,'DIAZ CARRERA','SERGIO  ','OPERADOR B','DIRECTOS'),(445,88455,'LOZOYA HERNANDEZ','DIANA LAURA ','OPERADOR A','DIRECTOS'),(446,88454,'VALLES COSS','EDITH YARABY ','OPERADOR A','DIRECTOS'),(447,88453,'MOLINA GABINO','SUSANA  ','INSPECTOR DE CALIDAD','DIRECTOS'),(448,88451,'BARRAZA VALDEZ','YESENIA  ','INSPECTOR DE CALIDAD','DIRECTOS'),(449,88449,'MADRIGAL LANDEROS','NESTOR RENE ','MATERIALISTA','DIRECTOS'),(450,88446,'SANCHEZ OLIVAS','ANDREA KARIME ','INSPECTOR DE CALIDAD','DIRECTOS'),(451,88445,'SANCHEZ URBINA','MARIA GUADALUPE ','INSPECTOR DE CALIDAD','DIRECTOS'),(452,88444,'DIAZ ROCHA','SELENA  ','INSPECTOR DE CALIDAD','DIRECTOS'),(453,88442,'ORTEGA PALMA','MARIA SATURNINA ','INSPECTOR DE CALIDAD','DIRECTOS'),(454,88439,'SOTO FLORES','GABRIELA  ','LIDER DE CALIDAD','DIRECTOS'),(455,88426,'PONCE MEDINA','DIEGO  ','OPERADOR A','DIRECTOS'),(456,88419,'ESTRADA DE','LA ROSA PABLO','OPERADOR A','DIRECTOS'),(457,88416,'RAMIREZ PONCE','VIRIDIANA YAZMIN ','OPERADOR A','DIRECTOS'),(458,88411,'GONZALEZ TRUJILLO','HERNAN JOSE ','OPERADOR A','DIRECTOS'),(459,88408,'RODRIGUEZ LANDEROS','AIDE CRISTINA ','OPERADOR A','DIRECTOS'),(460,88407,'CARREON VILLANUEVA','MARIA GUADALUPE ','OPERADOR A','DIRECTOS'),(461,88402,'MU?OZ MONTES','MARIA DEL REFUGIO','INSPECTOR DE CALIDAD','DIRECTOS'),(462,88401,'MATA POLANCO','NOELIA ANTONIA ','INSPECTOR DE CALIDAD','DIRECTOS'),(463,88400,'PULIDO SALCIDO','MARIA AZUCENA ','OPERADOR A','DIRECTOS'),(464,88399,'GONZALEZ ESTRADA','CLAUDIA  ','INSPECTOR DE CALIDAD','DIRECTOS'),(465,88398,'RODRIGUEZ PAYAN','ANGELICA ROCIO ','INSPECTOR DE CALIDAD','DIRECTOS'),(466,88397,'NAVA GARCIA','SARELIA MARGARITA ','INSPECTOR DE CALIDAD','DIRECTOS'),(467,88395,'CORDOBA JAIME','SILVIA SUSANA ','INSPECTOR DE CALIDAD','DIRECTOS'),(468,88394,'MUNDO HERNANDEZ','CORAL IDALI ','ENFERMERA','INDIRECTOS'),(469,88393,'RIVERA SAMANIEGO','CINTHIA GUADALUPE ','INSPECTOR DE CALIDAD','DIRECTOS'),(470,88391,'RODRIGUEZ MATA','EVELYN ANGELICA ','INSPECTOR DE CALIDAD','DIRECTOS'),(471,88390,'RODRIGUEZ GARCIA','SANDRA LIZETH ','INSPECTOR DE CALIDAD','DIRECTOS'),(472,88389,'GRIMALDO PE?A','KARINA JAZMIN ','INSPECTOR DE CALIDAD','DIRECTOS'),(473,88388,'GUTIERREZ RUIZ','LUIS HERNALDO ','T?CNICO DE MANTENIMIENTO','INDIRECTOS'),(474,88383,'BARRON MARTINEZ','FERNANDO  ','T?CNICO DE MANTENIMIENTO','INDIRECTOS'),(475,88382,'RODRIGUEZ FLORES','LUIS FERNANDO ','T?CNICO DE PROCESOS','INDIRECTOS'),(476,88381,'CORRALES ACOSTA','JORGE OMAR ','T?CNICO DE PROCESOS','INDIRECTOS'),(477,88377,'SANCHEZ SOLIS','JESUS ENRIQUE ','OPERADOR A','DIRECTOS'),(478,88375,'JIMENEZ ESTRADA','OBED  ','OPERADOR A','DIRECTOS'),(479,88374,'FLORES RAMOS','KEVIN  ','OPERADOR A','DIRECTOS'),(480,88371,'RIVERO ROSALES','JESUS MANUEL ','LIDER DE CALIDAD','DIRECTOS'),(481,88367,'BUSTILLOS GALLEGOS','BRAYAN ALEXIS ','OPERADOR A','DIRECTOS'),(482,88365,'SANCHEZ RAMIREZ','JORGE ALEJANDRO ','OPERADOR A','DIRECTOS'),(483,88361,'TALAMANTES ROSALES','MANUEL ALFONSO ','OPERADOR A','DIRECTOS'),(484,88360,'SOTELO GUERRA','VICTOR HUGO ','OPERADOR A','DIRECTOS'),(485,88359,'TERRAZAS HERNANDEZ','LORENZO ANTONIO ','OPERADOR A','DIRECTOS'),(486,88357,'REQUEJO REGALADO','HUMBERTO ANTONIO ','OPERADOR A','DIRECTOS'),(487,88355,'VAZQUEZ BURROLA','YANKO YAMIR ','OPERADOR A','DIRECTOS'),(488,88354,'PEREZ ANCHONDO','JESUS MANUEL ','OPERADOR A','DIRECTOS'),(489,88351,'JIMENEZ VIGIL','CRYSTIAN ALEJANDRO ','OPERADOR A','DIRECTOS'),(490,88350,'VAZQUEZ VALENZUELA','MIGUEL ANGEL ','OPERADOR A','DIRECTOS'),(491,88344,'MOLINA GALLEGOS','JESUS ERNESTO ','OPERADOR ESPECIALIZADO','DIRECTOS'),(492,88343,'VILLASANO REYES','NOE ALEXIS ','OPERADOR A','DIRECTOS'),(493,88342,'PAYAN HOLGUIN','JESUS  ','OPERADOR A','DIRECTOS'),(494,88339,'CEDILLO PE?A','IVAN GERARDO ','OPERADOR A','DIRECTOS'),(495,88338,'GARCIA MELENDEZ','CHALBERT EDUARDO ','INGENIERO JR DE NUEVOS PROYECTOS','INDIRECTOS'),(496,88337,'CARAVEO LARA','EDUARDO  ','SUPERINTEDENTE DE PRODUCCION','ADMINISTRATIVOS'),(497,88327,'CAMACHO HINOJOS','LUIS LORENZO ','OPERADOR B','DIRECTOS'),(498,88326,'ALVARADO MARTINEZ','JESUS ADOLFO ','OPERADOR B','DIRECTOS'),(499,88325,'ACOSTA LOPEZ','ALEJANDRO  ','OPERADOR B','DIRECTOS'),(500,88323,'ALMADER BECERRA','MA DOLORES ','INSPECTOR DE VULKANIZADO','DIRECTOS'),(501,88322,'PEREZ ROMERO','BEATRIZ ELENA ','INSPECTOR DE VULKANIZADO','DIRECTOS'),(502,88321,'ORTIZ LOPEZ','CLAUDIA CRISTINA ','INSPECTOR DE VULKANIZADO','DIRECTOS'),(503,88320,'SILVA OROPEZA','VERONICA ARACELI ','INSPECTOR DE CALIDAD','DIRECTOS'),(504,88318,'MAGDALENO ALVARADO','MARIO  ','OPERADOR A','DIRECTOS'),(505,88317,'RODRIGUEZ POLANCO','SAMUEL  ','OPERADOR A','DIRECTOS'),(506,88316,'CHAVEZ DE','SANTIAGO ILSE MARIANA','ANALISTA DE CUENTAS POR PAGAR','ADMINISTRATIVOS'),(507,88315,'HINOJOS GAYTAN','ALAN ALEXIS ','OPERADOR A','DIRECTOS'),(508,88314,'GONZALEZ ROSAS','NOE ALEJANDRO ','OPERADOR A','DIRECTOS'),(509,88313,'CORTINAS MARTINEZ','JAVIER  ','OPERADOR A','DIRECTOS'),(510,88310,'MENDOZA REDE','JOSE CARLOS ','OPERADOR A','DIRECTOS'),(511,88303,'URQUIDI OLIVAS','HUMBERTO ALEJANDRO ','OPERADOR B','DIRECTOS'),(512,88302,'CORTE CASTA?EDA','JORGE ARMANDO ','OPERADOR B','DIRECTOS'),(513,88298,'DAVILA ESCALANTE','ALEJANDRO  ','OPERADOR B','DIRECTOS'),(514,88295,'CADENA ARENAS','SANDRA  ','INSPECTOR DE CALIDAD','DIRECTOS'),(515,88291,'DOMINGUEZ SOTO','CAROLINA  ','OPERADOR A','DIRECTOS'),(516,88285,'FLORES GONZALEZ','JESUS MANUEL ','OPERADOR A','DIRECTOS'),(517,88284,'CAMARGO SOTELO','JAVIER OMAR ','SUPERVISOR DE PRODUCCI?N','ADMINISTRATIVOS'),(518,88280,'GRANADOS MENDOZA','KARINA  ','OPERADOR A','DIRECTOS'),(519,88266,'CRUZ BACA','RAMON  ','OPERADOR B','DIRECTOS'),(520,88264,'MARQUEZ ALONSO','LUZ EMMANUEL ','OPERADOR B','DIRECTOS'),(521,88262,'MARQUEZ MAGA?A','LUIS CARLOS ','OPERADOR B','DIRECTOS'),(522,88260,'HERNANDEZ CARDENAS','GUERRERO  ','MATERIALISTA','DIRECTOS'),(523,88256,'CARRANZA REYES','ROSA MARIA ','OPERADOR A','DIRECTOS'),(524,88251,'MARTINEZ SAENZ','JOSE ALONSO ','SUPERINTEDENTE DE PRODUCCION','ADMINISTRATIVOS'),(525,88250,'RIVAS NEVAREZ','JESUS ALFONSO ','OPERADOR A','DIRECTOS'),(526,88242,'ESTRADA JUAREZ','ANGELICA  ','OPERADOR A','DIRECTOS'),(527,88238,'REY ROBLES','JESSICA  ','INSPECTOR DE CALIDAD','DIRECTOS'),(528,88232,'FLORES RODRIGUEZ','SALMA CECILIA ','INSPECTOR DE CALIDAD','DIRECTOS'),(529,88229,'BARRERA PATI?O','ARACELI  ','OPERADOR A','DIRECTOS'),(530,88225,'LOYA LOYA','EMMANUEL  ','AUXILIAR DE SCRAP','DIRECTOS'),(531,88217,'ACOSTA HOLGUIN','MARCO ANTONIO ','OPERADOR A','DIRECTOS'),(532,88212,'RIVERA ARMENDARIZ','ANA LUISA ','OPERADOR A','DIRECTOS'),(533,88204,'GALAVIZ CABRERA','JORGE ARMANDO ','OPERADOR B','DIRECTOS'),(534,88202,'AVILA VALLES','KIMBERLY NOHEMI ','OPERADOR A','DIRECTOS'),(535,88200,'RUVALCABA RAMIREZ','ALEJANDRA  ','OPERADOR A','DIRECTOS'),(536,88192,'GONZALEZ ALVIDREZ','SERVANDO  ','OPERADOR B','DIRECTOS'),(537,88186,'HERNANDEZ FRAUSTO','JHOVANY ALBERTO ','MATERIALISTA','DIRECTOS'),(538,88185,'SOLIS FIGUEROA','JOSE GUADALUPE ','MATERIALISTA','DIRECTOS'),(539,88184,'SIMENTAL HERNANDEZ','JORGE ALBERTO ','MATERIALISTA','DIRECTOS'),(540,88180,'LIMA JIMENEZ','PABLO ARTURO ','INGENIERO DE PROCESOS','ADMINISTRATIVOS'),(541,88179,'ARREOLA RIVERA','MONICA  ','INSPECTOR DE CALIDAD','DIRECTOS'),(542,88176,'CORRALES CASTRO','EDGAR  ','OPERADOR A','DIRECTOS'),(543,88174,'ESCOBAR OCON','EDWIN JOSE ','OPERADOR A','DIRECTOS'),(544,88171,'MARTINEZ MARIN','EDGAR JAVIER ','MATERIALISTA','DIRECTOS'),(545,88162,'TREJO CARREON','GABRIEL ALEJANDRO ','OPERADOR B','DIRECTOS'),(546,88159,'LIMAS ALVAREZ','GERMAN  ','OPERADOR A','DIRECTOS'),(547,88158,'CANO VALENZUELA','PERLA PATRICIA ','OPERADOR A','DIRECTOS'),(548,88153,'ESTEBANE TORRES','DIEGO JESUS ','MATERIALISTA','DIRECTOS'),(549,88147,'FONSECA MELENDEZ','VERONICA  ','OPERADOR A','DIRECTOS'),(550,88146,'ARENIVAR BENAVIDES','ANA ISABEL ','OPERADOR A','DIRECTOS'),(551,88143,'LEON LEON','BLANCA MARGARITA ','OPERADOR A','DIRECTOS'),(552,88142,'MORALES FONSECA','JUAN CARLOS ','OPERADOR B','DIRECTOS'),(553,88138,'DOMINGUEZ MOLINA','BLANCA ARSENIA ','INSPECTOR DE VULKANIZADO','DIRECTOS'),(554,88133,'CORTEZ TERRAZAS','MARIO ALBERTO ','OPERADOR B','DIRECTOS'),(555,88128,'REYES SOTO','ALAN ANDRES ','OPERADOR ESPECIALIZADO','DIRECTOS'),(556,88120,'CHAVIRA MARTINEZ','DANIEL  ','OPERADOR B','DIRECTOS'),(557,88119,'GONZALEZ TORRES','PERLA SUSANA ','OPERADOR A','DIRECTOS'),(558,88113,'LAGOS ABURTO','LILIANA  ','OPERADOR A','DIRECTOS'),(559,88109,'VARGAS ACOSTA','ILSSE MARIEL ','OPERADOR A','DIRECTOS'),(560,88107,'ORTIZ HOLGUIN','DANA MICHELLE ','OPERADOR A','DIRECTOS'),(561,88106,'CHAVEZ ESTRADA','EFRAIN ESTEBAN ','OPERADOR B','DIRECTOS'),(562,88104,'AGUILAR VARGAS','GILBERTO  ','OPERADOR B','DIRECTOS'),(563,88101,'REYES LARA','JESUS SIMON ','OPERADOR A','DIRECTOS'),(564,88097,'RIVERA FRAGOSO','MARIA GLORIA ELISABET','INSPECTOR DE VULKANIZADO','DIRECTOS'),(565,88095,'SOTO GARCIA','JOSEFINA  ','OPERADOR A','DIRECTOS'),(566,88094,'ESQUIVEL HERNANDEZ','DANIEL ALFONSO ','OPERADOR A','DIRECTOS'),(567,88089,'GUERRERO PAYAN','OSMEL ALEXIS ','OPERADOR A','DIRECTOS'),(568,88087,'GARCIA LOPEZ','PETRA  ','INSPECTOR DE CALIDAD','DIRECTOS'),(569,88086,'MACIAS SALGADO','ROSA ISELA ','INSPECTOR DE CALIDAD','DIRECTOS'),(570,88083,'CHAVEZ DEL','RIO DORA ALICIA','INSPECTOR DE CALIDAD','DIRECTOS'),(571,88078,'ESCOBEDO HERNANDEZ','FRANCISCO JAVIER ','OPERADOR A','DIRECTOS'),(572,88075,'MEDINA QUINTANA','JOSE CRUZ ','OPERADOR ESPECIALIZADO','DIRECTOS'),(573,88074,'RANGEL HERNANDEZ','JESUS  ','OPERADOR ESPECIALIZADO','DIRECTOS'),(574,88073,'PE?A FIERRO','JOEL ALEJANDRO ','L?DER DE GRUPO A','DIRECTOS'),(575,88068,'SILVA POLANCO','CLAUDIA REBECA ','OPERADOR A','DIRECTOS'),(576,88065,'HEREDIA JIMENEZ','NORMA  ','OPERADOR A','DIRECTOS'),(577,88063,'HERNANDEZ MEJIA','MARIBEL AURELIA ','OPERADOR A','DIRECTOS'),(578,88061,'CHAPARRO SOLTERO','KARLA PAOLA ','INSPECTOR DE CALIDAD','DIRECTOS'),(579,88059,'GANDARA RAMIREZ','BERENICE  ','OPERADOR A','DIRECTOS'),(580,88058,'FLORES SANCHEZ','MALENY ESTEFANIA ','OPERADOR A','DIRECTOS'),(581,88052,'HEREDIA MENDOZA','ROCIO GUADALUPE ','OPERADOR A','DIRECTOS'),(582,88045,'REA BARRON','ALEX  ','OPERADOR A','DIRECTOS'),(583,88043,'ALMODOVAR SALAS','AMAVILIA  ','OPERADOR A','DIRECTOS'),(584,88042,'IBARRA CRUZ','LUZ ELENA ','OPERADOR A','DIRECTOS'),(585,88041,'ALMODOVAR SALAS','JOSUE GERARDO ','OPERADOR A','DIRECTOS'),(586,88036,'HERNANDEZ SANCHEZ','DENIS  ','OPERADOR A','DIRECTOS'),(587,88032,'HERNANDEZ ESCAJEDA','SANDY ELIZABETH ','OPERADOR A','DIRECTOS'),(588,88024,'HERNANDEZ LOZANO','SERGIO  ','OPERADOR A','DIRECTOS'),(589,88023,'PONCE LOZANO','ERIKA JANETH ','INSPECTOR DE VULKANIZADO','DIRECTOS'),(590,88016,'MELENDEZ GONZALEZ','PABLO JONATHAN ','MATERIALISTA','DIRECTOS'),(591,88006,'LOPEZ GARCIA','LARISSA DANIELA ','OPERADOR A','DIRECTOS'),(592,87999,'MONCAYO ESQUIVEL','HILDA ASALIA ','INSPECTOR DE VULKANIZADO','DIRECTOS'),(593,87995,'ALMANZA RODRIGUEZ','JAVIER  ','OPERADOR B','DIRECTOS'),(594,87994,'FLORES DOMINGUEZ','MARIA DE LOURDES','INSPECTOR DE VULKANIZADO','DIRECTOS'),(595,87993,'SANCHEZ SOLIS','ASHLEY JULISSA ','INSPECTOR DE VULKANIZADO','DIRECTOS'),(596,87992,'MARTINEZ REYES','JORGE ALFREDO ','OPERADOR B','DIRECTOS'),(597,87991,'VAZQUEZ VILLA','JONATHAN ULICES ','OPERADOR A','DIRECTOS'),(598,87981,'RAMIREZ GOMEZ','SERGIO ABEL ','OPERADOR A','DIRECTOS'),(599,87978,'SEGOVIA VAZQUEZ','HILDA SELENE ','OPERADOR A','DIRECTOS'),(600,87975,'GONZALEZ CASTILLON','ALEJANDRA GUADALUPE ','INGENIERO JR DE NUEVOS PROYECTOS','INDIRECTOS'),(601,87972,'SOLIS MENDEZ','MARIO  ','OPERADOR B','DIRECTOS'),(602,87969,'MORALES ACOSTA','MICHEL ALESSANDRO ','OPERADOR A','DIRECTOS'),(603,87968,'CRUZ MACIAS','MARIA ALEJANDRA ','OPERADOR A','DIRECTOS'),(604,87962,'ESTRADA ESTUPI?AN','LUCERO ABRIL ','OPERADOR A','DIRECTOS'),(605,87961,'CORTEZ RODRIGUEZ','CESAR ARTURO ','OPERADOR A','DIRECTOS'),(606,87955,'QUI?ONEZ RODRIGUEZ','JESUS OMAR ','OPERADOR A','DIRECTOS'),(607,87948,'RODRIGUEZ POLANCO','MAGALY GUADALUPE ','INSPECTOR DE VULKANIZADO','DIRECTOS'),(608,87942,'MALDONADO PEREZ','JOSE ANTONIO ','LIDER DE CALIDAD','DIRECTOS'),(609,87932,'LEOS VILLALOBOS','ANAYELI  ','OPERADOR A','DIRECTOS'),(610,87926,'CARRILLO QUI?ONEZ','MARBELLA  ','OPERADOR A','DIRECTOS'),(611,87922,'ARGUELLES BARRAZA','JAVIER EDUARDO ','OPERADOR ESPECIALIZADO','DIRECTOS'),(612,87917,'NU?EZ PACHECO','ESTELA  ','OPERADOR A','DIRECTOS'),(613,87914,'SIFUENTES NAVA','ROMAN  ','OPERADOR A','DIRECTOS'),(614,87913,'GUTIERREZ ENRIQUEZ','NORMA ROSA ','OPERADOR A','DIRECTOS'),(615,87912,'MARTINEZ GUTIERREZ','JESUS  ','MATERIALISTA','DIRECTOS'),(616,87909,'GABINO TALAMANTES','YAHAIRA ELIZABETH ','OPERADOR A','DIRECTOS'),(617,87908,'PERALES OCEGUEDA','CANDIDA LAURA ','OPERADOR A','DIRECTOS'),(618,87907,'MORALES BONILLA','MARIBEL  ','OPERADOR A','DIRECTOS'),(619,87901,'ALMADER BECERRA','BERTHA ALICIA ','OPERADOR A','DIRECTOS'),(620,87897,'ACOSTA CASTILLO','LORENZA ISELA ','OPERADOR A','DIRECTOS'),(621,87890,'CARDENAS VALDEZ','JOSE MANUEL ','AUXILIAR DE EMBARQUES','DIRECTOS'),(622,87887,'MARTINEZ LOZANO','VALENTIN  ','OPERADOR A','DIRECTOS'),(623,87878,'RIVAS PANDO','JOSE GERARDO ','OPERADOR B','DIRECTOS'),(624,87871,'CHAVEZ MARTINEZ','MA MONSERRAT ','OPERADOR A','DIRECTOS'),(625,87870,'VEGA LOPEZ','LORENZO ALEJANDRO ','OPERADOR A','DIRECTOS'),(626,87868,'VILLALOBOS CORRAL','CLEMENCIA  ','OPERADOR A','DIRECTOS'),(627,87866,'LOZOYA VALENZUELA','VICTORIA RUBI ','OPERADOR A','DIRECTOS'),(628,87865,'SANCHEZ LUNA','EMMANUEL  ','OPERADOR A','DIRECTOS'),(629,87861,'RANGEL GAYTAN','CIPRIANO  ','OPERADOR A','DIRECTOS'),(630,87860,'VELIZ MENDEZ','JUAN MANUEL ','OPERADOR A','DIRECTOS'),(631,87859,'GARCIA FAUDOA','LILIAN SOFIA ','OPERADOR A','DIRECTOS'),(632,87856,'MURGA GARCIA','SONIA IVONNE ','OPERADOR A','DIRECTOS'),(633,87855,'GARCIA ORTEGA','JUAN ALONSO ','OPERADOR B','DIRECTOS'),(634,87851,'ORTEGA LOERA','JUAN AARON ','OPERADOR B','DIRECTOS'),(635,87849,'RANGEL HERNANDEZ','ANA GABRIEL ','OPERADOR A','DIRECTOS'),(636,87848,'VAZQUEZ HERNANDEZ','PEDRO JAVIER ','OPERADOR ESPECIALIZADO','DIRECTOS'),(637,87842,'SANCHEZ HERNANDEZ','URIEL ENRIQUE ','OPERADOR A','DIRECTOS'),(638,87837,'GAYTAN ROMERO','GUSTAVO ALBERTO ','OPERADOR B','DIRECTOS'),(639,87832,'VALLES DE','SANTIAGO ELVIRA NOHEMI','INSPECTOR DE VULKANIZADO','DIRECTOS'),(640,87830,'REVELES CHAVEZ','JOSE LUIS ','OPERADOR B','DIRECTOS'),(641,87826,'DURAN BARRAZA','CLAUDIA ELIZABETH ','INSPECTOR DE CALIDAD','DIRECTOS'),(642,87825,'CASTRO RAMIREZ','PERLA VERONICA ','OPERADOR A','DIRECTOS'),(643,87820,'VILLA SAENZ','MARIA DE LOS','OPERADOR A','DIRECTOS'),(644,87819,'ORTEGA SANCHEZ','MARIA GUADALUPE ','OPERADOR A','DIRECTOS'),(645,87818,'CHAVERO MARTINEZ','LAURA ELIZABETH ','OPERADOR A','DIRECTOS'),(646,87816,'VAZQUEZ MENDOZA','MIGUEL ANGEL ','OPERADOR A','DIRECTOS'),(647,87809,'GONZALEZ DUARTE','CESAR GUSTAVO ','OPERADOR B','DIRECTOS'),(648,87804,'RODRIGUEZ ANTUNEZ','JESUS ROLANDO ','OPERADOR B','DIRECTOS'),(649,87802,'ALVAREZ GARCIA','RODOLFO  ','OPERADOR B','DIRECTOS'),(650,87798,'REYES LERMA','ALEXIS  ','OPERADOR A','DIRECTOS'),(651,87797,'REYES PACHECO','EVER ALAN ','OPERADOR B','DIRECTOS'),(652,87792,'SAMAGO SOTO','NESTOR DANIEL ','AUXILIAR DE EMBARQUES','DIRECTOS'),(653,87790,'QUINTANA RAMIREZ','ANA VICTORIA ','OPERADOR A','DIRECTOS'),(654,87789,'COTO MARTA','DOLORES ANGELICA ','OPERADOR A','DIRECTOS'),(655,87788,'BARRAZA CARRILLO','ANGEL HIRAM ','OPERADOR B','DIRECTOS'),(656,87780,'DE SANTIAGO','ALVAREZ LUIS MANUEL','OPERADOR B','DIRECTOS'),(657,87779,'JULIAN GARCIA','ROBERTO  ','OPERADOR B','DIRECTOS'),(658,87772,'MORALES CHAVEZ','MAYRA ANGELICA ','OPERADOR A','DIRECTOS'),(659,87771,'MARIN ARELLANO','NORMA VIRIDIANA ','OPERADOR A','DIRECTOS'),(660,87770,'MARTINEZ RAMOS','AIDE  ','OPERADOR A','DIRECTOS'),(661,87769,'MONTA?EZ SOTO','TANIA GUADALUPE ','OPERADOR A','DIRECTOS'),(662,87767,'GONZALEZ HERNANDEZ','NAHOMI YARETH ','OPERADOR A','DIRECTOS'),(663,87750,'LARA LOYA','JESUS JAVIER ','OPERADOR A','DIRECTOS'),(664,87748,'ROMERO DEL','RIO MIGUEL ERNESTO','INSPECTOR DE CALIDAD','DIRECTOS'),(665,87747,'GRADO VILLANUEVA','MARIA ELENA ','OPERADOR A','DIRECTOS'),(666,87746,'AGUIRRE CALDERON','CLAUDIA  ','INSPECTOR DE VULKANIZADO','DIRECTOS'),(667,87741,'ARROYO MORALES','GABRIEL  ','OPERADOR B','DIRECTOS'),(668,87727,'RANGEL VILLA','LIZBETH  ','OPERADOR A','DIRECTOS'),(669,87726,'HERNANDEZ IBARRA','LUIS ENRIQUE ','OPERADOR A','DIRECTOS'),(670,87724,'HERNANDEZ IBARRA','DANIEL EDJAIR ','OPERADOR A','DIRECTOS'),(671,87723,'CARRASCO ESPINOZA','VICTOR ALFONSO ','OPERADOR A','DIRECTOS'),(672,87722,'MARIN MEDRANO','SARAHI LIZETH ','OPERADOR A','DIRECTOS'),(673,87720,'MELGOZA MATA','JOSE ANGEL ','INSPECTOR DE CALIDAD','DIRECTOS'),(674,87716,'VILLARREAL SAENZ','AZUCENA  ','OPERADOR A','DIRECTOS'),(675,87714,'FLORES NAVARRO','CYNTHIA JAZMIN ','OPERADOR A','DIRECTOS'),(676,87712,'CASTILLO CARDENAS','BRAYAN FIDEL ','OPERADOR A','DIRECTOS'),(677,87708,'RAMOS ORTIZ','BRAYAN ALONSO ','OPERADOR A','DIRECTOS'),(678,87707,'RAMIREZ DOMINGUEZ','CESAREO  ','INSPECTOR DE CALIDAD','DIRECTOS'),(679,87706,'VARGAS MACIAS','JUDITH  ','INSPECTOR DE CALIDAD','DIRECTOS'),(680,87704,'VICENTE GOMEZ','ALMA CARINA ','OPERADOR A','DIRECTOS'),(681,87702,'HERNANDEZ ALVAREZ','ISMAEL  ','OPERADOR A','DIRECTOS'),(682,87701,'SOTO CASTILLO','RAQUEL  ','OPERADOR A','DIRECTOS'),(683,87700,'LEDEZMA RODRIGUEZ','ARACELI  ','OPERADOR A','DIRECTOS'),(684,87698,'BECERRA PIZARRO','JAZMIN  ','OPERADOR A','DIRECTOS'),(685,87696,'GUARDIOLA ALONSO','MARIO  ','OPERADOR B','DIRECTOS'),(686,87687,'ALBA GALLEGOS','MARCO ANTONIO ','OPERADOR B','DIRECTOS'),(687,87681,'GARCIA MORENO','LUZ RAYITO ','OPERADOR A','DIRECTOS'),(688,87672,'JUAREZ NAVA','MARIANA ALEJANDRA ','OPERADOR A','DIRECTOS'),(689,87670,'ACOSTA NAJERA','CRUZ MELISSA ','OPERADOR A','DIRECTOS'),(690,87667,'BALDERAS TREJO','DANIELA  ','OPERADOR A','DIRECTOS'),(691,87662,'RODRIGUEZ JAUREGUI','MIGUEL ANGEL ','OPERADOR B','DIRECTOS'),(692,87661,'RIOS MORALES','JUAN CARLOS ','PROTOTIPOS','DIRECTOS'),(693,87649,'BRITO CARRILLO','MIRIAM KARINA ','INSPECTOR DE CALIDAD','DIRECTOS'),(694,87648,'ORTIZ MARTINEZ','ROSA MARIA ','INSPECTOR DE CALIDAD','DIRECTOS'),(695,87646,'MUELA GUEVARA','KARLA JANETH ','OPERADOR A','DIRECTOS'),(696,87645,'VELIZ HERNANDEZ','NALLELI ABIGAIL ','OPERADOR A','DIRECTOS'),(697,87643,'GARCIA CATA?O','MARIA TERESA ','PROTOTIPOS','DIRECTOS'),(698,87637,'RUIZ VELASQUEZ','AURORA GUADALUPE ','OPERADOR A','DIRECTOS'),(699,87635,'CUELLAR CARRILLO','IRIS ESMERALDA ','OPERADOR A','DIRECTOS'),(700,87633,'RUIZ ESCOBAR','ARACELI  ','OPERADOR A','DIRECTOS'),(701,87629,'GONZALEZ BARRON','JESUS MIGUEL ','OPERADOR B','DIRECTOS'),(702,87624,'HERNANDEZ VARGAS','SERGIO AGUSTIN ','OPERADOR B','DIRECTOS'),(703,87620,'TORRES ALEMAN','ERIK  ','MATERIALISTA','DIRECTOS'),(704,87618,'VILLA MAGALLANES','KATHIA GUADALUPE ','INSPECTOR DE CALIDAD','DIRECTOS'),(705,87615,'FONSECA TRUJILLO','MIGUEL ANTONIO ','OPERADOR A','DIRECTOS'),(706,87605,'SILVA RAMIREZ','ERICK ROBERTO ','OPERADOR B','DIRECTOS'),(707,87604,'CURIEL HERNANDEZ','MAGDIEL FERNANDO ','OPERADOR B','DIRECTOS'),(708,87601,'TERRAZAS HERNANDEZ','ROCIO  ','INSPECTOR DE VULKANIZADO','DIRECTOS'),(709,87599,'ALVAREZ ESPINOZA','MARCELA GUADALUPE ','AUXILIAR DE EMBARQUES','INDIRECTOS'),(710,87596,'AMAYA ELIZALDE','RAYMUNDO  ','OPERADOR B','DIRECTOS'),(711,87595,'ORTIZ RODRIGUEZ','JOSE ALAN ','OPERADOR A','DIRECTOS'),(712,87594,'SALAZAR RODRIGUEZ','JUAN ELIAS ','OPERADOR B','DIRECTOS'),(713,87585,'SAENZ SAMANIEGO','JOSE PABLO ','OPERADOR B','DIRECTOS'),(714,87583,'RAMIREZ GUEVARA','JONATHAN ALEJANDRO ','PROTOTIPOS','DIRECTOS'),(715,87573,'BARRON SALGADO','FILIBERTO  ','OPERADOR A','DIRECTOS'),(716,87569,'MARTINEZ SANCHEZ','JAVIER ARTURO ','OPERADOR A','DIRECTOS'),(717,87568,'HERNANDEZ LUJAN','ALEJANDRO IVAN ','AUXILIAR DE EMBARQUES','INDIRECTOS'),(718,87565,'PEREZ HERNANDEZ','OSCAR URIEL ','INGENIERO JR CALIDAD','INDIRECTOS'),(719,87564,'REGALADO MARQUEZ','ALICIA GABRIELA ','SUPERVISOR DE PRODUCCION','ADMINISTRATIVOS'),(720,87563,'LOZOYA PALOS','HECTOR RAFAEL ','SUPERVISOR DE PRODUCCION','ADMINISTRATIVOS'),(721,87558,'ORTIZ MU?OZ','MARIA DEL SOCORRO','OPERADOR A','DIRECTOS'),(722,87556,'IBARRA GALINDO','LILIANA JUDITH ','OPERADOR A','DIRECTOS'),(723,87553,'MORALES SALAZAR','GUSTAVO ALBERTO ','OPERADOR A','DIRECTOS'),(724,87552,'BARRON GUTIERREZ','IRAM ERNESTO ','OPERADOR A','DIRECTOS'),(725,87551,'CAMACHO PEREZ','PEDRO DANIEL ','OPERADOR A','DIRECTOS'),(726,87548,'MELENDEZ GONZALEZ','VICTOR HUGO ','OPERADOR B','DIRECTOS'),(727,87547,'TORRES TRUJILLO','JUAN LUIS ','OPERADOR B','DIRECTOS'),(728,87546,'LOPEZ MAGA?A','JUAN ANTONIO ','OPERADOR B','DIRECTOS'),(729,87541,'LOPEZ CARRASCO','MARCOS MANUEL ','OPERADOR B','DIRECTOS'),(730,87539,'ACOSTA PAZ','MARCO ANTONIO ','OPERADOR B','DIRECTOS'),(731,87537,'NU?EZ TRILLO','ALEJANDRO  ','OPERADOR B','DIRECTOS'),(732,87534,'GALVAN MARTEL','JESUS MANUEL ','OPERADOR A','DIRECTOS'),(733,87528,'LOPEZ MARQUEZ','IRMA  ','INSPECTOR DE VULKANIZADO','DIRECTOS'),(734,87526,'MENDEZ ALTAMIRANO','RICARDO ALONSO ','OPERADOR B','DIRECTOS'),(735,87525,'DELGADO ROMO','FELIX ALFONSO ','OPERADOR B','DIRECTOS'),(736,87516,'GALLEGOS JUAREZ','ALBERTO AXEL ','INGENIERO JR DE NVOS PROYECTOS','INDIRECTOS'),(737,87515,'CASTILLO RIVERA','JOSE GERARDO ','INGENIERO JR DE NVOS PROYECTOS','INDIRECTOS'),(738,87512,'CHAVARRIA RODRIGUEZ','MIGUEL ANTONIO ','OPERADOR B','DIRECTOS'),(739,87507,'BUENO MALDONADO','OLGA YOLANDA ','OPERADOR A','DIRECTOS'),(740,87504,'HERNANDEZ CRUZ','MARIA DE LOURDES','INSPECTOR DE VULKANIZADO','DIRECTOS'),(741,87500,'SANCHEZ ACOSTA','ROGELIO ALEJANDRO ','OPERADOR B','DIRECTOS'),(742,87494,'MONREAL BUSTILLOS','KENIA MARIA ','OPERADOR A','DIRECTOS'),(743,87490,'GANDARA CERVANTES','CARLOTA ALONDRA ','OPERADOR A','DIRECTOS'),(744,87488,'MORENO ACOSTA','MIGUEL ANGEL ','OPERADOR B','DIRECTOS'),(745,87487,'DOMINGUEZ CARREON','ABEL ALFREDO ','OPERADOR B','DIRECTOS'),(746,87486,'MARTA CARRILLO','LUIS CARLOS ','OPERADOR B','DIRECTOS'),(747,87482,'JIMENEZ GUERRERO','YAZMIN ALEJANDRA ','OPERADOR A','DIRECTOS'),(748,87481,'GONZALEZ FLORES','JUAN PEDRO ','OPERADOR A','DIRECTOS'),(749,87480,'JIMENEZ ZUBIA','MARIA DE LOURDES','OPERADOR A','DIRECTOS'),(750,87478,'RIVERA FRAGOZO','ANTONIA ESNELIA ','INSPECTOR DE VULKANIZADO','DIRECTOS'),(751,87470,'RIOS RODRIGUEZ','DULCE CRISTINA ','INSPECTOR DE VULKANIZADO','DIRECTOS'),(752,87467,'AMAYA BOLIVAR','NORMA ARACELI ','INSPECTOR DE VULKANIZADO','DIRECTOS'),(753,87466,'MEDINA PEREZ','OSCAR JAIR ','OPERADOR B','DIRECTOS'),(754,87465,'GALAVIZ MORA','MARIA DE LOURDES','INSPECTOR DE VULKANIZADO','DIRECTOS'),(755,87463,'BRIANO RODRIGUEZ','JOSE CARLOS ','OPERADOR A','DIRECTOS'),(756,87460,'VILLA BUENO','CLAUDIA JANETH ','OPERADOR A','DIRECTOS'),(757,87456,'IBARRA HOLGUIN','LAURA IVONNE ','OPERADOR A','DIRECTOS'),(758,87454,'NAVARRO HUERTA','RODOLFO  ','OPERADOR B','DIRECTOS'),(759,87452,'PAYAN ARVIZO','PAULINA  ','OPERADOR A','DIRECTOS'),(760,87451,'VELASQUEZ DIAZ','JOSE OMAR ','OPERADOR A','DIRECTOS'),(761,87447,'PE?A ESPINOZA','CINTHIA  ','OPERADOR A','DIRECTOS'),(762,87444,'GONZALEZ AGUILAR','MARIA MARCELA ','OPERADOR A','DIRECTOS'),(763,87434,'ESCOBAR DELGADO','JUAN PABLO ','OPERADOR B','DIRECTOS'),(764,87432,'RIVERA MONTALVO','NANCY GABRIELA ','OPERADOR A','DIRECTOS'),(765,87426,'SALCIDO GODINA','JOEL  ','OPERADOR A','DIRECTOS'),(766,87419,'SAENZ FIERRO','MARIA ISELA ','OPERADOR A','DIRECTOS'),(767,87414,'VARGAS ROMERO','JESUS JUSTINO ','OPERADOR B','DIRECTOS'),(768,87412,'RODRIGUEZ AGUIRRE','KARLA CARINA ','OPERADOR A','DIRECTOS'),(769,87409,'HERNANDEZ RANGEL','CLAUDIA IVON ','OPERADOR A','DIRECTOS'),(770,87406,'AVILA MORENO','TANIA GUADALUPE ','OPERADOR A','DIRECTOS'),(771,87403,'TERRAZAS VILLA','RAUL  ','OPERADOR B','DIRECTOS'),(772,87393,'HERNANDEZ RAMOS','ELIZABETH  ','OPERADOR A','DIRECTOS'),(773,87390,'ANGELES OROPEZA','NORMA  ','OPERADOR A','DIRECTOS'),(774,87387,'CHAVARRIA TRILLO','ROSA IMELDA ','OPERADOR A','DIRECTOS'),(775,87377,'SOTELO RODRIGUEZ','GIOVANNA CRISTINA ','INSPECTOR DE VULKANIZADO','DIRECTOS'),(776,87376,'MORALES MENDOZA','HERMILA  ','INSPECTOR DE VULKANIZADO','DIRECTOS'),(777,87375,'BUSTILLOS QUINTANA','REYNA SOLEDAD ','INSPECTOR DE VULKANIZADO','DIRECTOS'),(778,87373,'ALVIDREZ CHAVIRA','SANDRA LUZ ','OPERADOR A','DIRECTOS'),(779,87371,'TREJO ULLOA','VICTOR MANUEL ','OPERADOR A','DIRECTOS'),(780,87370,'PRIETO LOZANO','LUIS RAMON ','OPERADOR A','DIRECTOS'),(781,87363,'CHAVEZ SOTO','EVANGELINA  ','OPERADOR A','DIRECTOS'),(782,87359,'DUE?AS MERAZ','IVAN PAVEL ','OPERADOR B','DIRECTOS'),(783,87358,'ALCARAZ PORTILLO','RAMON MANUEL ','OPERADOR B','DIRECTOS'),(784,87351,'DOMINGUEZ RUIZ','LUIS ULISES ','OPERADOR B','DIRECTOS'),(785,87349,'CHACON AYALA','EDWIN JOSE ','OPERADOR B','DIRECTOS'),(786,87346,'SOTO GURROLA','PATRICIA  ','OPERADOR A','DIRECTOS'),(787,87343,'PANTOJA CARMONA','VERONICA FELICITAS ','OPERADOR A','DIRECTOS'),(788,87339,'RUIZ GARAY','LARISA  ','OPERADOR A','DIRECTOS'),(789,87334,'ROBLEDO DE','LA ROSA MARIA','INSPECTOR DE CALIDAD','DIRECTOS'),(790,87327,'RAMIREZ ORDO?EZ','MARIA DE LOS','INSPECTOR DE VULKANIZADO','DIRECTOS'),(791,87324,'RODRIGUEZ CARO','ANGELICA MARIA ','INSPECTOR DE VULKANIZADO','DIRECTOS'),(792,87320,'ORTEGA PALMA','MARCELINO MARTIN ','OPERADOR A','DIRECTOS'),(793,87319,'FLORES RUBIO','BLANCA ELENA ','OPERADOR A','DIRECTOS'),(794,87318,'GIL BAXIN','PABLO  ','OPERADOR A','DIRECTOS'),(795,87316,'TAVAREZ GARCIA','GILBERTO  ','OPERADOR B','DIRECTOS'),(796,87311,'RODRIGUEZ CORRAL','VICTOR MANUEL ','OPERADOR B','DIRECTOS'),(797,87300,'DURAN GARCIA','ALVARO BENIGNO ','OPERADOR A','DIRECTOS'),(798,87283,'FIGUEROA MEDINA','KARINA ELIZABETH ','INSPECTOR DE VULKANIZADO','DIRECTOS'),(799,87281,'HERNANDEZ GARCIA','FELIX RAMSES ','OPERADOR B','DIRECTOS'),(800,87280,'MARTINEZ RODRIGUEZ','JOSE GUADALUPE ','OPERADOR B','DIRECTOS'),(801,87279,'SILVA BUSTILLOS','LIONSO PORFIRIO ','OPERADOR B','DIRECTOS'),(802,87278,'JUAREZ MARTINEZ','JOSE SANTOS ','INSPECTOR DE CALIDAD','DIRECTOS'),(803,87274,'REMIGIO MONTES','CYNTHIA PAOLA ','INSPECTOR DE VULKANIZADO','DIRECTOS'),(804,87273,'RODRIGUEZ RODRIGUEZ','ELIAZAR  ','OPERADOR B','DIRECTOS'),(805,87269,'SOTO GARCIA','JOSE LUIS ','OPERADOR B','DIRECTOS'),(806,87262,'FIERRO PE?A','JANETH SARAHI ','OPERADOR A','DIRECTOS'),(807,87261,'DE LA','CRUZ GAVALDON MONICA','OPERADOR A','DIRECTOS'),(808,87259,'MARTINEZ MENDEZ','ANTONIO  ','OPERADOR B','DIRECTOS'),(809,87257,'RIVERA FRAGOSO','MARIA RAMONA ELENA','OPERADOR A','DIRECTOS'),(810,87241,'MORENO NAVARRO','ISRAEL  ','INGENIERO DE CALIDAD','ADMINISTRATIVOS'),(811,87238,'CARDENAS BALLESTEROS','IRVING  ','OPERADOR B','DIRECTOS'),(812,87221,'ADAME AGUIRRE','DANA MICHELLE ','OPERADOR A','DIRECTOS'),(813,87219,'VAZQUEZ SAENZ','MARISOL  ','OPERADOR A','DIRECTOS'),(814,87218,'GABALDON MOLINA','FRANCISCO JAVIER ','MATERIALISTA','DIRECTOS'),(815,87217,'SALAZAR DURAN','ADRIANA JANETH ','OPERADOR A','DIRECTOS'),(816,87212,'VALENZUELA ACOSTA','DAVID ALONSO ','OPERADOR A','DIRECTOS'),(817,87210,'MELENDEZ BURROLA','MIGUEL ABRAHAM ','OPERADOR B','DIRECTOS'),(818,87209,'ARMENDARIZ LERMA','LUIS SILVERIO ','OPERADOR B','DIRECTOS'),(819,87204,'NEGRETE SIERRA','GERMAN  ','INGENIERO JR DE NVOS PROYECTOS','INDIRECTOS'),(820,87200,'CONTRERAS MOLINA','PAULINA  ','ENFERMERA','INDIRECTOS'),(821,87195,'GUTIERREZ LOERA','JOSE  ','OPERADOR ESPECIALIZADO','DIRECTOS'),(822,87192,'OLIVAS MENDOZA','GABRIELA IVONNE ','INSPECTOR DE CALIDAD','DIRECTOS'),(823,87184,'BARAY HEREDIA','RAMON URIEL ','OPERADOR B','DIRECTOS'),(824,87183,'TOVAR JAQUEZ','EDWIN ALAN ','OPERADOR B','DIRECTOS'),(825,87181,'MARTINEZ OCON','OMAR ALEJANDRO ','INSPECTOR DE CALIDAD','DIRECTOS'),(826,87180,'MURO AVILA','ADRIANA YUKARY ','OPERADOR A','DIRECTOS'),(827,87169,'GOMEZ RIOS','CESAR OCTAVIO ','OPERADOR A','DIRECTOS'),(828,87163,'VILLALBA RIVERA','CRISTIAN EMMANUEL ','OPERADOR A','DIRECTOS'),(829,87161,'RAMIREZ ESPINOZA','ANA MARIA ','OPERADOR A','DIRECTOS'),(830,87158,'MARTINEZ CHAVEZ','ANA LORENZA ','OPERADOR A','DIRECTOS'),(831,87150,'GABINO HERNANDEZ','ZULEMA YADIRA ','OPERADOR A','DIRECTOS'),(832,87139,'PEREZ GONZALEZ','MARIA ELENA ','OPERADOR A','DIRECTOS'),(833,87138,'MARTINEZ CASTRO','CECILIA  ','OPERADOR A','DIRECTOS'),(834,87133,'LARGUERO NAVARRETE','ROMAN ANTONIO ','OPERADOR B','DIRECTOS'),(835,87130,'TORRES MORENO','MARIA MAGDALENA ','OPERADOR A','DIRECTOS'),(836,87129,'SANTILLANES TELLEZ','KARLA LIZETH ','OPERADOR A','DIRECTOS'),(837,87128,'SALAS ARACELI','  ','OPERADOR A','DIRECTOS'),(838,87125,'GACHUPIN OGAZ','LIDIA  ','OPERADOR A','DIRECTOS'),(839,87119,'FERNANDEZ CASTRO','JESUS JOSE ','OPERADOR A','DIRECTOS'),(840,87110,'IBARRA ROMERO','PATRICIA  ','OPERADOR A','DIRECTOS'),(841,87108,'RODRIGUEZ MARTINEZ','IRMA LETICIA ','INSPECTOR DE VULKANIZADO','DIRECTOS'),(842,87098,'FRAGOSO BENCOMO','GERARDO ALEJANDRO ','INGENIERO JR DE NVOS PROYECTOS','INDIRECTOS'),(843,87095,'BARBEITIA RIVERA','FRANCISCA ALICIA ','OPERADOR A','DIRECTOS'),(844,87088,'MARTINEZ VALENZUELA','MARIO  ','OPERADOR A','DIRECTOS'),(845,87084,'GONZALEZ TORRES','JESUS ALFREDO ','PROTOTIPOS','DIRECTOS'),(846,87083,'SILVA CORRAL','CONRADO  ','OPERADOR A','DIRECTOS'),(847,87081,'HERNANDEZ MENDOZA','JUAN MANUEL ','OPERADOR B','DIRECTOS'),(848,87070,'LEOS SERNAS','ALEJANDRO  ','OPERADOR B','DIRECTOS'),(849,87067,'LARA SOLIS','PAULA ELIZABETH ','COMPRADOR JR','INDIRECTOS'),(850,87066,'PEREZ HERRERA','OMAR ALEJANDRO ','OPERADOR A','DIRECTOS'),(851,87058,'BA?ALES ORTIZ','JUAN MANUEL ','OPERADOR A','DIRECTOS'),(852,87052,'CASTRO FAUDOA','MIRIAM ELVIRA ','OPERADOR A','DIRECTOS'),(853,87051,'MEZA LOPEZ','NANCY  ','INSPECTOR DE VULKANIZADO','DIRECTOS'),(854,87047,'MOLINA NAVA','ANGEL MANUEL ','OPERADOR A','DIRECTOS'),(855,87043,'MEZA LOPEZ','JUANA YANET ','OPERADOR A','DIRECTOS'),(856,87032,'GARCIA GARCIA','JASON DANIEL ','OPERADOR A','DIRECTOS'),(857,87026,'PERALTA FAZ','JAIME MERCED ','INGENIERO DE PROCESOS JR','INDIRECTOS'),(858,87024,'AVALOS MORALES','CLAUDIA ROCIO ','OPERADOR A','DIRECTOS'),(859,87022,'CAMACHO SOTO','MARICELA  ','OPERADOR A','DIRECTOS'),(860,87018,'QUINTANILLA SANCHEZ','ADRIAN  ','OPERADOR A','DIRECTOS'),(861,87017,'VARGAS MARTINEZ','PATRICIA  ','INSPECTOR DE CALIDAD','DIRECTOS'),(862,87010,'SIGALA CARLOS','OSWALDO  ','OPERADOR A','DIRECTOS'),(863,87008,'VILLALOBOS MORRAL','CAROLINA  ','OPERADOR A','DIRECTOS'),(864,87003,'ORDAZ JIMENEZ','SANDRA LUZ ','OPERADOR A','DIRECTOS'),(865,86995,'CHAVEZ CHAVEZ','EDILBEN  ','OPERADOR A','DIRECTOS'),(866,86991,'BRITO RIVERA','ADRIAN  ','OPERADOR B','DIRECTOS'),(867,86986,'MACIAS URIAS','LEOCADIO YUDEN ','OPERADOR B','DIRECTOS'),(868,86985,'CONTRERAS LUJAN','ALEJANDRO  ','OPERADOR B','DIRECTOS'),(869,86983,'QUINTERO ROSALES','DANIEL  ','OPERADOR B','DIRECTOS'),(870,86980,'OLIVAS GONZALEZ','BLANCA LETICIA ','OPERADOR A','DIRECTOS'),(871,86975,'RAMIREZ GONZALEZ','FRANCISCO JAVIER ','OPERADOR A','DIRECTOS'),(872,86974,'LOPEZ JURADO','ANTONIO  ','AUXILIAR DE RECIBOS','DIRECTOS'),(873,86973,'QUEZADA HERNANDEZ','JUAN JOSE ','OPERADOR A','DIRECTOS'),(874,86965,'MARTINEZ MARTINEZ','OLGA LIDIA ','OPERADOR A','DIRECTOS'),(875,86961,'LEYVA HERMOSILLO','RODRIGO  ','OPERADOR B','DIRECTOS'),(876,86957,'VILLAGRAN AVILA','GABRIELA  ','INSPECTOR DE CALIDAD','DIRECTOS'),(877,86955,'ARMENDARIZ MATA','CLAUDIA PATRICIA ','INSPECTOR DE CALIDAD','DIRECTOS'),(878,86944,'SANCHEZ DOMINGUEZ','SERGIO MANUEL ','OPERADOR A','DIRECTOS'),(879,86933,'TERRAZAS CERVANTES','BRAYAN URIEL ','OPERADOR A','DIRECTOS'),(880,86931,'FLORES RIOS','JULIO CESAR ','OPERADOR A','DIRECTOS'),(881,86924,'HERNANDEZ QUINTERO','JUAN LUIS ','OPERADOR A','DIRECTOS'),(882,86914,'SALAZAR NAVA','RAMONA ISELA ','INSPECTOR DE CALIDAD','DIRECTOS'),(883,86903,'ESPARZA ESPITIA','JESUS GABRIEL ','OPERADOR A','DIRECTOS'),(884,86895,'ONTIVEROS ARMENDARIZ','OSVALDO  ','SUPERVISOR DE PRODUCCION JR','INDIRECTOS'),(885,86892,'SILVA CRUZ','IVAN RAMON ','SUPERVISOR DE PRODUCCION','ADMINISTRATIVOS'),(886,86891,'MARTINEZ BARRAZA','PEDRO DAVID ','OPERADOR A','DIRECTOS'),(887,86890,'RODRIGUEZ CHACON','JUAN JESUS ','L?DER DE GRUPO B','DIRECTOS'),(888,86888,'PALMA VARGAS','JESUS ADRIAN ','OPERADOR A','DIRECTOS'),(889,86886,'MENDEZ RODRIGUEZ','MIGUEL ALEJANDRO ','OPERADOR A','DIRECTOS'),(890,86885,'MARQUEZ GUERRERO','EMILIO RENE ','OPERADOR B','DIRECTOS'),(891,86882,'OLIVAS CASTILLO','ADRIAN DANIEL ','OPERADOR A','DIRECTOS'),(892,86876,'ROJAS REYES','JOSE ANTONIO ','OPERADOR A','DIRECTOS'),(893,86875,'DE LA','ROSA SAUCEDO BRENDA','INSPECTOR DE CALIDAD','DIRECTOS'),(894,86872,'FLORES RAYOS','FRANCISCO JAVIER ','OPERADOR A','DIRECTOS'),(895,86866,'REYES GINEZ','RAMON JOEL ','OPERADOR A','DIRECTOS'),(896,86862,'VASQUEZ MONTES','AARON SAIN ','OPERADOR A','DIRECTOS'),(897,86860,'SANDOVAL BUSTILLOS','OMAR  ','OPERADOR A','DIRECTOS'),(898,86858,'RODRIGUEZ PORRAS','LUIS ARMANDO ','OPERADOR ESPECIALIZADO','DIRECTOS'),(899,86857,'NA?EZ AVALOS','KARINA  ','SUPERVISOR DE PRODUCCION JR','INDIRECTOS'),(900,86850,'OGAS GUEVARA','JOSE LUIS ','OPERADOR B','DIRECTOS'),(901,86848,'AGUILERA MELENDEZ','JORGE LUIS ','OPERADOR A','DIRECTOS'),(902,86847,'RAMOS IBARRA','LUIS ENRIQUE ','OPERADOR A','DIRECTOS'),(903,86845,'MIRANDA SINALOA','FLOR YESENIA ','INSPECTOR DE CALIDAD','DIRECTOS'),(904,86841,'DURAN HERNANDEZ','SILVIA NAYELI ','INSPECTOR DE CALIDAD','DIRECTOS'),(905,86835,'PACHECO RIVAS','JOSE LUIS ','OPERADOR A','DIRECTOS'),(906,86833,'MORENO RODRIGUEZ','JOSEFINA  ','INSPECTOR DE CALIDAD','DIRECTOS'),(907,86832,'CARRILLO MONGE','MIRIAM MAGDIELA ','OPERADOR A','DIRECTOS'),(908,86831,'MORALES MOTA','DIEGO AARON ','SUPERVISOR DE PRODUCCION','ADMINISTRATIVOS'),(909,86828,'SAENZ SAMANIEGO','JUANA NAYELI ','OPERADOR A','DIRECTOS'),(910,86825,'ZUBIA FLORES','EDGAR IVAN ','OPERADOR A','DIRECTOS'),(911,86823,'GRACIANO RODRIGUEZ','GILBERTO  ','TECNICO DE MANTENIMIENTO','INDIRECTOS'),(912,86818,'BARRAZA MARTINEZ','VICTOR HUGO ','OPERADOR A','DIRECTOS'),(913,86813,'MU?OZ SALAZAR','JOSE ALFREDO ','OPERADOR B','DIRECTOS'),(914,86812,'SAUCEDO ESPINDOLA','MARIA DEL CARMEN','INSPECTOR DE CALIDAD','DIRECTOS'),(915,86805,'PARGAS DE','ANDA JOSE GUADALUPE','TECNICO DE PROCESOS','INDIRECTOS'),(916,86794,'PI?ON TREJO','GRISELDA TERESA ','ASISTENTE DE RECURSOS HUMANOS','ADMINISTRATIVOS'),(917,86792,'PONCE ORTEGA','FERNANDO  ','INGENIERO DE PROCESOS JR','INDIRECTOS'),(918,86791,'PEREZ RODRIGUEZ','DAVID OSNAR ','COMPRADOR JR','INDIRECTOS'),(919,86789,'HERRERA HERRERA','RODRIGO ADOLFO ','TECNICO DE MANTENIMIENTO','INDIRECTOS'),(920,86782,'COLLAZO CORONADO','ARTURO ABIGAIL ','OPERADOR A','DIRECTOS'),(921,86780,'OCHOA LOPEZ','LAURA  ','INSPECTOR DE CALIDAD','DIRECTOS'),(922,86779,'HERNANDEZ VARGAS','CLARA IVONNE ','INSPECTOR DE CALIDAD','DIRECTOS'),(923,86775,'LOZOYA CARRANZA','MAYRA CAROLINA ','INSPECTOR DE CALIDAD','DIRECTOS'),(924,86772,'CORTEZ MARRUFO','ALICIA  ','OPERADOR A','DIRECTOS'),(925,86770,'MUELA SANCHEZ','ERICK  ','OPERADOR B','DIRECTOS'),(926,86767,'RIOS CALIXTO','JORGE LUIS ','OPERADOR A','DIRECTOS'),(927,86764,'BAEZA BEDOY','NANCY EDITH ','INSPECTOR DE CALIDAD','DIRECTOS'),(928,86759,'DOMINGUEZ JUAREZ','JORGE LUIS ','INGENIERO DE MANTENIMIENTO','ADMINISTRATIVOS'),(929,86757,'TORRES HERNANDEZ','DANIEL ALEJANDRO ','SUPERVISOR DE PRODUCCI?N','ADMINISTRATIVOS'),(930,86754,'CABRERA BAEZA','CARLOS ALBERTO ','OPERADOR A','DIRECTOS'),(931,86750,'LOPEZ LUCIANO','EDUARDO  ','OPERADOR A','DIRECTOS'),(932,86746,'SANCHEZ CHAPARRO','ALAN EDUARDO ','OPERADOR A','DIRECTOS'),(933,86745,'GOMEZ MAYORQUIN','JOSE GUILLERMO ','OPERADOR A','DIRECTOS'),(934,86744,'PEREZ GARCIA','JESUS EDUARDO ','OPERADOR A','DIRECTOS'),(935,86743,'VALENCIA FLORES','MARIO ANTONIO ','OPERADOR A','DIRECTOS'),(936,86739,'GONZALEZ BELTRAN','IVAN ALFONSO ','OPERADOR B','DIRECTOS'),(937,86733,'CASTA?EDA RODRIGUEZ','MINERVA  ','INSPECTOR DE VULKANIZADO','DIRECTOS'),(938,86728,'VELO DURAN','CARMEN MARIELA ','OPERADOR A','DIRECTOS'),(939,86727,'PONCE HERRERA','MANUELA TERESA ','OPERADOR A','DIRECTOS'),(940,86722,'BUENROSTRO LANDEROS','DALIA JANETH ','INSPECTOR DE CALIDAD','DIRECTOS'),(941,86721,'RAMOS FERNANDEZ','LIZETH GUADALUPE ','OPERADOR A','DIRECTOS'),(942,86720,'NAJERA DOMINGUEZ','DENNISE ALONDRA ','OPERADOR A','DIRECTOS'),(943,86719,'PAYAN CASTA?EDA','OMAR ARMANDO ','OPERADOR A','DIRECTOS'),(944,86717,'DIAZ ROCHA','MARCELINA  ','INSPECTOR DE CALIDAD','DIRECTOS'),(945,86696,'ROMAN AYALA','MIGUEL ERNESTO ','OPERADOR A','DIRECTOS'),(946,86690,'OLIVAS MENDOZA','LAURA YADIRA ','INSPECTOR DE CALIDAD','DIRECTOS'),(947,86688,'VEGA AGUILAR','JORGE MANUEL ','OPERADOR B','DIRECTOS'),(948,86681,'CERVANTES OCHOA','OCTAVIO  ','OPERADOR A','DIRECTOS'),(949,86679,'CERVANTES HERNANDEZ','FRANCISCO JAVIER ','OPERADOR A','DIRECTOS'),(950,86678,'BARRAZA SALAZAR','FERNANDO LORENZO ','OPERADOR A','DIRECTOS'),(951,86676,'HOLGUIN DAVILA','MARIA MARGARITA ','INSPECTOR DE CALIDAD','DIRECTOS'),(952,86666,'CORRALES CASTRO','MARTIN  ','OPERADOR A','DIRECTOS'),(953,86665,'BONILLA TAPIA','JULIO CESAR ','OPERADOR A','DIRECTOS'),(954,86656,'RAMOS AYALA','TOMAS FERNANDO ','LAUNCHING TECHNICIAN','INDIRECTOS'),(955,86655,'VASQUEZ BURROLA','RICARDO ULISES ','LAUNCHING TECHNICIAN','INDIRECTOS'),(956,86654,'MORALES SALAS','ANA CECILIA ','LAUNCHING TECHNICIAN','INDIRECTOS'),(957,86653,'MENDOZA RODRIGUEZ','FATIMA  ','INGENIERO JR DE NVOS PROYECTOS','INDIRECTOS'),(958,86650,'MU?OZ FERNANDEZ','CARLOS ALBERTO ','OPERADOR A','DIRECTOS'),(959,86639,'ESPINOZA HERNANDEZ','MARIA TERESA ','INSPECTOR DE VULKANIZADO','DIRECTOS'),(960,86638,'CASILLAS LOPEZ','JESUS DANIEL ','OPERADOR A','DIRECTOS'),(961,86622,'RODRIGUEZ CHAVEZ','YESSICA IVONNE ','INGENIERO DE CALIDAD','ADMINISTRATIVOS'),(962,86620,'LEDEZMA RODRIGUEZ','MARISOL  ','OPERADOR A','DIRECTOS'),(963,86614,'ORTA POBLANO','DENISSE SELENE ','SUPERVISOR DE PRODUCCION JR','INDIRECTOS'),(964,86610,'CHAVEZ BORREGO','IVAN ANTONIO ','OPERADOR B','DIRECTOS'),(965,86609,'NU?EZ ORTIZ','ALDO ROGELIO ','OPERADOR B','DIRECTOS'),(966,86606,'AMAYA FLORES','JORGE ALFREDO ','OPERADOR A','DIRECTOS'),(967,86603,'RAMOS ORTEGA','FERNANDO ALBERTO ','OPERADOR A','DIRECTOS'),(968,86590,'CHAVEZ LOPEZ','ANNA MARIA ','OPERADOR A','DIRECTOS'),(969,86586,'ROSAS VELASCO','BERTHA  ','L?DER DE GRUPO A','DIRECTOS'),(970,86571,'CARBAJAL TOVANCHE','RICARDO RODRIGO ','OPERADOR A','DIRECTOS'),(971,86569,'RAYOS LOPEZ','MARCO ANTONIO ','OPERADOR A','DIRECTOS'),(972,86567,'MENDEZ MENDEZ','DONNYE LOURDES ','OPERADOR A','DIRECTOS'),(973,86565,'QUIROZ CORRALES','GUADALUPE  ','OPERADOR A','DIRECTOS'),(974,86550,'FIGUEROA BALDERRAMA','PABLO JOAN ','OPERADOR B','DIRECTOS'),(975,86548,'CARRILLO FIERRO','ITZEL ALEJANDRA ','INSPECTOR DE CALIDAD','DIRECTOS'),(976,86547,'BILBAO HINOJOS','ALAN OSWALDO ','OPERADOR A','DIRECTOS'),(977,86543,'PORTILLO JIMENEZ','ALMA PATRICIA ','OPERADOR A','DIRECTOS'),(978,86541,'ARAGON VARGAS','ANDREA  ','OPERADOR A','DIRECTOS'),(979,86529,'ITUARTE VAZQUEZ','DANIEL  ','OPERADOR','DIRECTOS'),(980,86520,'DAVILA HERNANDEZ','CARLOS DANIEL ','L?DER DE GRUPO B','DIRECTOS'),(981,86511,'DOMINGUEZ MARRUFO','JULIO CESAR ','OPERADOR B','DIRECTOS'),(982,86510,'HERNANDEZ MARTINEZ','JOSE INES ','OPERADOR B','DIRECTOS'),(983,86492,'MEDRANO PALMA','JONATHAN ULISES ','OPERADOR A','DIRECTOS'),(984,86485,'PAYAN CARRERA','EMANUEL MARTIN ','INGENIERO DE COSTOS','ADMINISTRATIVOS'),(985,86480,'BANDA MAYNEZ','RENE GERARDO ','OPERADOR A','DIRECTOS'),(986,86473,'FIGUEROA SANCHEZ','JOEL  ','INGENIERO INDUSTRIAL JUNIOR DE MOLDEO','INDIRECTOS'),(987,86465,'HERNANDEZ GLORIA','LYDIA CARINA ','INSPECTOR DE VULKANIZADO','DIRECTOS'),(988,86461,'GARCIA ONTIVEROS','NOEMI  ','INSPECTOR DE VULKANIZADO','DIRECTOS'),(989,86459,'LOZOYA SALGADO','TORIBIO  ','OPERADOR A','DIRECTOS'),(990,86455,'GAMBOA ROCHA','DANIEL ALBERTO ','OPERADOR B','DIRECTOS'),(991,86447,'MORALES GAYTAN','ROSA MARIA ','INSPECTOR DE CALIDAD','DIRECTOS'),(992,86444,'HERNANDEZ GLORIA','VICTOR MANUEL ','OPERADOR A','DIRECTOS'),(993,86427,'GARCIA ROBLEDO','KATIA ZULEYMA ','INSPECTOR DE CALIDAD','INDIRECTOS'),(994,86423,'ESTRADA PEREZ','RICARDO  ','OPERADOR B','DIRECTOS'),(995,86416,'MENDEZ RODRIGUEZ','ALEJANDRO  ','OPERADOR B','DIRECTOS'),(996,86415,'ALVISTO RITA','VICENTE  ','OPERADOR B','DIRECTOS'),(997,86414,'HERNANDEZ CHACON','JUAN DANIEL ','OPERADOR A','DIRECTOS'),(998,86413,'OLAVES SANCHEZ','JULIO CESAR ','OPERADOR A','DIRECTOS'),(999,86410,'HERNANDEZ RIVERA','VICTOR ENRIQUE ','OPERADOR','DIRECTOS'),(1000,86404,'RUBIO MONTES','NORA  ','INSPECTOR DE VULKANIZADO','DIRECTOS'),(1001,86400,'SOTO VALLES','JESUS MANUEL ','SUPERVISOR DE PRODUCCI?N','ADMINISTRATIVOS'),(1002,86382,'PEREZ GARCIA','LUIS ALBERTO ','OPERADOR A','DIRECTOS'),(1003,86377,'BUENROSTRO LANDEROS','VICENTE ANTONIO ','OPERADOR A','DIRECTOS'),(1004,86364,'MARTINEZ GUERRERO','JESUS MANUEL ','OPERADOR A','DIRECTOS'),(1005,86362,'RENTERIA MARTINEZ','FRANCISCO JAVIER ','OPERADOR A','DIRECTOS'),(1006,86357,'TEQUIHUACTLE COLOHUA','MARGARITO  ','OPERADOR A','DIRECTOS'),(1007,86352,'VAZQUEZ MOTA','ENRIQUETA  ','INSPECTOR DE CALIDAD','DIRECTOS'),(1008,86347,'MONTES SAUCEDO','MONICA ISABEL ','INSPECTOR DE CALIDAD','DIRECTOS'),(1009,86335,'SANTOYO BUSTILLOS','JESUS MANUEL ','OPERADOR A','DIRECTOS'),(1010,86332,'RUBIO ORTIZ','YAZMIN  ','OPERADOR A','DIRECTOS'),(1011,86331,'RIOS GARCIA','GRISELDA  ','OPERADOR A','DIRECTOS'),(1012,86325,'MOLINA MORALES','ROSA DIANELY ','INSPECTOR DE CALIDAD','DIRECTOS'),(1013,86324,'HINOJOS GONZALEZ','MIRIAM GUADALUPE ','INSPECTOR DE VULKANIZADO','DIRECTOS'),(1014,86317,'TORRES LARA','FRANCISCO IVAN ','INGENIERO DE PROCESOS','ADMINISTRATIVOS'),(1015,86316,'DE LEON','MARQUEZ BERENICE ','INSPECTOR DE CALIDAD','DIRECTOS'),(1016,86313,'HERNANDEZ HERNANDEZ','RAQUEL  ','INSPECTOR DE VULKANIZADO','DIRECTOS'),(1017,86303,'VASQUEZ JIMENEZ','MARCOS ALEJANDRO ','L?DER DE GRUPO A','DIRECTOS'),(1018,86301,'OCHOA LOPEZ','LUIS CARLOS ','MATERIALISTA','DIRECTOS'),(1019,86297,'ALARCON AGUILAR','JOSE ARMANDO ','CONTRALOR','ADMINISTRATIVOS'),(1020,86291,'RAMIREZ GUTIERREZ','MANUEL DE JESUS','EXPEDITADOR DE MATERIALES','ADMINISTRATIVOS'),(1021,86271,'JURADO BARAJAS','JESUS MANUEL ','L?DER DE GRUPO B','DIRECTOS'),(1022,86269,'FIERRO FLORES','MYRIAM ALEJANDRA ','ENFERMERA','INDIRECTOS'),(1023,86263,'ORTIZ GALLEGOS','ANA LILIA ','INSPECTOR DE CALIDAD','DIRECTOS'),(1024,86260,'TRUJILLO TALAVERA','MIGUEL ANGEL ','INSPECTOR DE CALIDAD','DIRECTOS'),(1025,86259,'GUILLEN SANCHEZ','ARAM OBED ','COORDINADOR DE IT','ADMINISTRATIVOS'),(1026,86253,'GERARDO PONCE','SELENE MARILU ','INSPECTOR DE CALIDAD','DIRECTOS'),(1027,86251,'GUTIERREZ ALDUENDA','ABRAHAM SAMUEL ','OPERADOR A','DIRECTOS'),(1028,86250,'GARCIA GUTIERREZ','JESUS FRANCISCO ','OPERADOR A','DIRECTOS'),(1029,86249,'HERNANDEZ MACIAS','JOSE DANIEL ','INSPECTOR DE CALIDAD','DIRECTOS'),(1030,86241,'BRITO CARRILLO','JOHANA LIZETH ','INSPECTOR DE CALIDAD','DIRECTOS'),(1031,86235,'RIVERA RODRIGUEZ','ANTONIO  ','OPERADOR B','DIRECTOS'),(1032,86225,'SOLIS TORRES','CESAR JESUS ','OPERADOR A','DIRECTOS'),(1033,86210,'CARRASCO RODRIGUEZ','MANUEL  ','INGENIERO DE DEISE?O','ADMINISTRATIVOS'),(1034,86174,'FLORES MARTINEZ','CARLOS ALBERTO ','OPERADOR A','DIRECTOS'),(1035,86168,'BECERRA MATA','HECTOR MANUEL ','OPERADOR A','DIRECTOS'),(1036,86159,'BERNAL AVILA','JUAN ANTONIO ','OPERADOR A','DIRECTOS'),(1037,86146,'DIAZ LUJAN','JESUS  ','OPERADOR A','DIRECTOS'),(1038,86131,'MONTES NAJERA','EDGAR HIPOLITO ','L?DER DE GRUPO A','DIRECTOS'),(1039,86125,'VALENZUELA HERNANDEZ','JESUS MANUEL ','OPERADOR A','DIRECTOS'),(1040,86113,'RUIZ SANCHEZ','HECTOR ALEJANDRO ','OPERADOR A','DIRECTOS'),(1041,86099,'SANCHEZ RUIZ','EVA NELY ','CONTADOR','ADMINISTRATIVOS'),(1042,86086,'DOMINGUEZ CABALLERO','JULIO CESAR ','OPERADOR A','DIRECTOS'),(1043,86079,'RAMIREZ RICO','IRVING FRANCISCO ','CONTADOR','ADMINISTRATIVOS'),(1044,86075,'CARDENAS FLORES','OCTAVIO ARTURO ','AUXILIAR DE EMBARQUES','DIRECTOS'),(1045,86072,'SANTILLANES SILVA','VICTOR HUGO ','OPERADOR A','DIRECTOS'),(1046,86071,'AVALOS SOTO','FRANCISCO JAVIER ','OPERADOR A','DIRECTOS'),(1047,86066,'HERNANDEZ LARA','ANA MARIA ','INSPECTOR DE CALIDAD','DIRECTOS'),(1048,86059,'GAMBOA ROCHA','JUAN EMIR ','CAPTURISTA DE DATOS','DIRECTOS'),(1049,85822,'VALLES GRANADOS','EMMANUEL  ','OPERADOR A','DIRECTOS'),(1050,85816,'BECERRA CARRASCO','MANUEL OSWALDO ','L?DER DE GRUPO B','DIRECTOS'),(1051,85789,'GUTIERREZ AGUIRRE','OMAR  ','OPERADOR B','DIRECTOS'),(1052,85772,'VARGAS HERNANDEZ','SOLEDAD VICTORIA ','INSPECTOR DE VULKANIZADO','DIRECTOS'),(1053,85770,'VELIZ HERNANDEZ','SEBASTIAN ANTONIO ','OPERADOR A','DIRECTOS'),(1054,85740,'ROMERO RAMIREZ','EDNA GABRIELA ','EXPEDITADOR DE MATERIALES','ADMINISTRATIVOS'),(1055,85736,'LOPEZ PE?A','DAVID ALBERTO ','OPERADOR A','DIRECTOS'),(1056,85719,'ESPINOZA SIMENTAL','JOAQUIN ENRIQUE ','MATERIALISTA','DIRECTOS'),(1057,85709,'ESTRADA MARTINEZ','EDGAR IVAN ','L?DER DE GRUPO A','DIRECTOS'),(1058,85704,'GONZALEZ FLORES','ALMA CAROLINA ','OPERADOR A','DIRECTOS'),(1059,85699,'AGUIRRE SANCHEZ','ERICK ENRIQUE ','MANTENIMIENTO','DIRECTOS'),(1060,85688,'ALMAZAN OCHOA','DAVID OCTAVIO ','OPERADOR A','DIRECTOS'),(1061,85686,'VENTURA ARRES','LUIS ARTURO ','MATERIALISTA','DIRECTOS'),(1062,85682,'AVALOS ORTIZ','JONATTAN EFREN ','OPERADOR A','DIRECTOS'),(1063,85679,'RIVERA ORTEGA','ROSA  ','INSPECTOR DE CALIDAD','DIRECTOS'),(1064,85671,'RAMIREZ PIZARRO','JUAN HORACIO ','OPERADOR A','DIRECTOS'),(1065,85668,'BARRAZA RIOS','JOSE LUIS ','MANTENIMIENTO','DIRECTOS'),(1066,85663,'ARANDA ALVARADO','CARLOS ESTEBAN ','AUXILIAR DE CONTEOS CICLICOS','DIRECTOS'),(1067,85660,'PAVIA GOMEZ','BEATRIZ ADRIANA ','INSPECTOR DE CALIDAD','DIRECTOS'),(1068,85659,'DE LUNA','GUTIERREZ LUZ ELVA','CAPTURISTA DE DATOS','DIRECTOS'),(1069,85655,'CONTRERAS CONTRERAS','CECILIA  ','OPERADOR A','DIRECTOS'),(1070,85654,'HERNANDEZ MARQUEZ','MONICA BERENICE ','CAPTURISTA DE DATOS','DIRECTOS'),(1071,85649,'MENDOZA CARRILLO','CRISTINA ELENA ','INSPECTOR DE CALIDAD','DIRECTOS'),(1072,85643,'MALDONADO RIVERA','ESTEBAN  ','OPERADOR A','DIRECTOS'),(1073,85640,'CASAS SALCEDO','SABINO  ','OPERADOR B','DIRECTOS'),(1074,85631,'SANCHEZ CONCHOS','CECILIA OFELIA ','OPERADOR A','DIRECTOS'),(1075,85619,'CHAVEZ DOMINGUEZ','RAUL  ','TECNICO DE MANDRILES','INDIRECTOS'),(1076,85617,'GARCIA DURAN','IVAN ARTURO ','OPERADOR A','DIRECTOS'),(1077,85606,'CRUZ SILVA','LUZ ELENA ','INSPECTOR DE CALIDAD','DIRECTOS'),(1078,85605,'SOTO MUELA','ARMANDO  ','OPERADOR A','DIRECTOS'),(1079,85600,'MENDEZ FERNANDEZ','JOSE MANUEL ','OPERADOR B','DIRECTOS'),(1080,85584,'GUILLEN BLANCO','JAIME ALBERTO ','OPERADOR A','DIRECTOS'),(1081,85580,'GUZMAN FIERRO','PEDRO TRINIDAD ','OPERADOR A','DIRECTOS'),(1082,85576,'IBARRA TREJO','WENDY LIZETH ','EXPEDITADOR DE MATERIALES','ADMINISTRATIVOS'),(1083,85559,'HERRERA NORES','GERARDO ANTONIO ','MATERIALISTA','DIRECTOS'),(1084,85529,'OLIVA SALDA?A','MOISES  ','OPERADOR B','DIRECTOS'),(1085,85528,'PEREZ AVITIA','RAMON NORMANDO ','L?DER DE GRUPO B','DIRECTOS'),(1086,85514,'MURO AVILA','JULIO CESAR ','OPERADOR B','DIRECTOS'),(1087,85306,'YA?EZ FLORES','EDEL ARTURO ','SUPERVISOR DE PRODUCCI?N','ADMINISTRATIVOS'),(1088,85282,'CASTILLO SANCHEZ','NORMA IRENE ','SUPERINTEDENTE DE PRODUCCION','ADMINISTRATIVOS'),(1089,85281,'CHAVEZ CHICO','RAUL EDUARDO ','OPERADOR A','DIRECTOS'),(1090,85277,'VILLARREAL RODRIGUEZ','JESUS ALBERTO ','SUPERVISOR DE PRODUCCION','ADMINISTRATIVOS'),(1091,85265,'ACOSTA DOMINGUEZ','MARCO ANTONIO ','GERENTE DE CALIDAD','ADMINISTRATIVOS'),(1092,85257,'GUERRA SEGOVIA','YADIRA  ','ENTRENAMIENTO','INDIRECTOS'),(1093,85255,'URIBE GONZALEZ','RAFAEL  ','SUPERVISOR DE MATERIALES','ADMINISTRATIVOS'),(1094,85252,'MONTA?O URIARTE','ALMA CECILIA ','GERENTE DE RECURSOS HUMANOS','ADMINISTRATIVOS'),(1095,85243,'RODRIGUEZ BA?UELAS','ROLANDO OMAR ','EXPEDITADOR DE MATERIALES','ADMINISTRATIVOS'),(1096,85242,'CASTILLO GONZALEZ','LUZ ELVA ','OPERADOR A','DIRECTOS'),(1097,85239,'GARCIA VILLARREAL','VICTOR HUGO ','L?DER DE GRUPO A','DIRECTOS'),(1098,85236,'PEREZ RODRIGUEZ','ALBERTO  ','INGENIERO DE LANZAMIENTOS','ADMINISTRATIVOS'),(1099,85224,'OCHOA GILBERTO','GUSTAVO  ','OPERADOR A','DIRECTOS'),(1100,85205,'PEREZ ELOY','  ','T?CNICO DE CALIDAD','INDIRECTOS'),(1101,85199,'MONTA?EZ VILLA','FATIMA  ','ASISTENTE DE CUENTAS POR PAGAR','ADMINISTRATIVOS'),(1102,85187,'HERNANDEZ JARAMILLO','ELISA  ','INSPECTOR DE CALIDAD','DIRECTOS'),(1103,85086,'VARGAS MACIAS','JOSE IVAN ','OPERADOR A','DIRECTOS'),(1104,85057,'MORALES DURAN','ENRIQUE  ','T?CNICO DE PROTOTIPOS','INDIRECTOS'),(1105,85055,'MARES SIERRA','SOILA ROSA ','OPERADOR A','DIRECTOS'),(1106,85048,'MENDOZA OCON','HORACIO  ','INGENIERO DE DESARROLLO DE PROVEEDORES','ADMINISTRATIVOS'),(1107,85037,'URIBE HERRERA','MARIA EUGENIA ','INSPECTOR DE VULKANIZADO','DIRECTOS'),(1108,84984,'ZAPATA VALENZUELA','LUIS  ','GERENTE DE PRODUCCION','ADMINISTRATIVOS'),(1109,84982,'DOMINGUEZ RUBIO','CESAR LEONEL ','PROTOTIPOS','DIRECTOS'),(1110,84981,'VAZQUEZ FRANCO','BRISEEIDA ANEL ','INSPECTOR DE CALIDAD','INDIRECTOS'),(1111,84970,'DURAN LARA','RAFAEL  ','TECNICO DE MANDRILES','INDIRECTOS'),(1112,84969,'VARGAS LUCIO','OSCAR ARMANDO ','AUXILIAR DE SCRAP','DIRECTOS'),(1113,84968,'CANO ACOSTA','XOCHITL  ','INSPECTOR DE CALIDAD','DIRECTOS'),(1114,84965,'ROCHA MORALES','JOSE ENRIQUE ','OPERADOR A','DIRECTOS'),(1115,84945,'MACIAS DIAZ','MARIA DEL CARMEN','INSPECTOR DE CALIDAD','DIRECTOS'),(1116,84943,'GANDARA GARCIA','EMMANUEL  ','L?DER DE GRUPO A','DIRECTOS'),(1117,84942,'GONZALEZ GARCIA','LUIS ANTONIO ','OPERADOR A','DIRECTOS'),(1118,84941,'ANCHONDO MARTINEZ','VERONICA  ','INSPECTOR DE CALIDAD','DIRECTOS'),(1119,84940,'FLORES RANGEL','ANZELMO  ','OPERADOR A','DIRECTOS'),(1120,84916,'VAZQUEZ MOTA','NATALIO  ','T?CNICO DE MANTENIMIENTO','INDIRECTOS'),(1121,84906,'RODRIGUEZ REBECA','VERONICA  ','INSPECTOR DE CALIDAD','DIRECTOS'),(1122,84902,'CONTRERAS CORNELIO','JUANA INES ','INSPECTOR DE CALIDAD','DIRECTOS'),(1123,84774,'REYES CHAVIRA','NATANAEL  ','OPERADOR A','DIRECTOS'),(1124,84771,'PORTILLO IZAGUIRRE','GENARO  ','ALMACENISTA A','INDIRECTOS'),(1125,84769,'MARTINEZ CERECERES','JOSE TRINIDAD ','T?CNICO DE MANTENIMIENTO','INDIRECTOS'),(1126,84767,'APODACA RIVERA','RAMON ALFREDO ','L?DER DE GRUPO A','DIRECTOS'),(1127,84766,'ACOSTA CARDOZA','EVA CRISTINA ','LIDER DE CALIDAD','DIRECTOS'),(1128,84763,'CANO REYES','PEDRO ALBERTO ','L?DER DE GRUPO A','DIRECTOS'),(1129,84762,'MONTA?EZ MARTINEZ','EMMANUEL GABRIEL ','PROCESOS','DIRECTOS'),(1130,84761,'VALENZUELA CUEVAS','JORGE HUMBERTO ','OPERADOR A','DIRECTOS'),(1131,84760,'FLORES PEREZ','ELVA RAMONA ','OPERADOR A','DIRECTOS'),(1132,84758,'LEDEZMA PEDROZA','DANIEL HUMBERTO ','OPERADOR A','DIRECTOS'),(1133,84757,'CHAVEZ TELLEZ','LUIS ALEJANDRO ','PLANEADOR','ADMINISTRATIVOS'),(1134,84756,'CANALES MU?OZ','JUAN ALBERTO ','L?DER DE GRUPO B','DIRECTOS'),(1135,84755,'QUINTANA RAMIREZ','JORGE LUIS ','L?DER DE GRUPO B','DIRECTOS'),(1136,84739,'PAYAN GAMBOA','ROCIO DEL CARMEN','ASISTENTE DE RECURSOS HUMANOS','ADMINISTRATIVOS'),(1137,84678,'ALVIDREZ LEYVA','BEATRIZ  ','SUPERVISOR DE PRODUCCI?N','ADMINISTRATIVOS'),(1138,84674,'GAMBOA ESPARZA','FERNANDO  ','L?DER DE GRUPO B','DIRECTOS'),(1139,84673,'ROCHA RIVERA','ABRAHAM RENE ','TECNICO DE PROTOTIPOS','DIRECTOS'),(1140,84672,'HEREDIA ORTIZ','REFUGIO NAVOR ','T?CNICO DE PROCESOS','INDIRECTOS'),(1141,84657,'GONZALEZ LARA','SERGIO GUADALUPE ','GERENTE DE LANZAMIENTOS','ADMINISTRATIVOS'),(1142,84656,'BLANCO MELENDEZ','JESUS EDMUNDO ','GERENTE DE PLANTA','ADMINISTRATIVOS'),(1143,155416,'FLORES ZUÑIGA','DENISSE SUGEHI','OPERADORA','DIRECTOS');
/*!40000 ALTER TABLE `employees` ENABLE KEYS */;
UNLOCK TABLES;

--
-- Table structure for table `horarios`
--

DROP TABLE IF EXISTS `horarios`;
/*!40101 SET @saved_cs_client     = @@character_set_client */;
/*!40101 SET character_set_client = utf8 */;
CREATE TABLE `horarios` (
  `id` int(11) NOT NULL AUTO_INCREMENT,
  `horario` varchar(45) DEFAULT NULL,
  `turno_id` int(11) NOT NULL,
  PRIMARY KEY (`id`,`turno_id`),
  KEY `fk_horarios_turno1_idx` (`turno_id`),
  CONSTRAINT `fk_horarios_turno1` FOREIGN KEY (`turno_id`) REFERENCES `turno` (`id`) ON DELETE NO ACTION ON UPDATE NO ACTION
) ENGINE=InnoDB AUTO_INCREMENT=10 DEFAULT CHARSET=latin1;
/*!40101 SET character_set_client = @saved_cs_client */;

--
-- Dumping data for table `horarios`
--

LOCK TABLES `horarios` WRITE;
/*!40000 ALTER TABLE `horarios` DISABLE KEYS */;
INSERT INTO `horarios` VALUES (1,'A',1),(2,'B',1),(3,'C',1),(4,'A',2),(5,'B',2),(6,'C',2),(7,'A',3),(8,'B',3),(9,'C',3);
/*!40000 ALTER TABLE `horarios` ENABLE KEYS */;
UNLOCK TABLES;

--
-- Table structure for table `turno`
--

DROP TABLE IF EXISTS `turno`;
/*!40101 SET @saved_cs_client     = @@character_set_client */;
/*!40101 SET character_set_client = utf8 */;
CREATE TABLE `turno` (
  `id` int(11) NOT NULL AUTO_INCREMENT,
  `no_turno` int(11) DEFAULT NULL,
  `turno` varchar(145) DEFAULT NULL,
  PRIMARY KEY (`id`)
) ENGINE=InnoDB AUTO_INCREMENT=4 DEFAULT CHARSET=latin1;
/*!40101 SET character_set_client = @saved_cs_client */;

--
-- Dumping data for table `turno`
--

LOCK TABLES `turno` WRITE;
/*!40000 ALTER TABLE `turno` DISABLE KEYS */;
INSERT INTO `turno` VALUES (1,1,'TURNO 1'),(2,2,'TURNO 2'),(3,3,'TURNO 3');
/*!40000 ALTER TABLE `turno` ENABLE KEYS */;
UNLOCK TABLES;

--
-- Table structure for table `turno_areas`
--

DROP TABLE IF EXISTS `turno_areas`;
/*!40101 SET @saved_cs_client     = @@character_set_client */;
/*!40101 SET character_set_client = utf8 */;
CREATE TABLE `turno_areas` (
  `turno_id` int(11) NOT NULL,
  `areas_id` int(11) NOT NULL,
  PRIMARY KEY (`turno_id`,`areas_id`),
  KEY `fk_turno_has_areas_areas1_idx` (`areas_id`),
  KEY `fk_turno_has_areas_turno_idx` (`turno_id`),
  CONSTRAINT `fk_turno_has_areas_areas1` FOREIGN KEY (`areas_id`) REFERENCES `areas` (`id`) ON DELETE NO ACTION ON UPDATE NO ACTION,
  CONSTRAINT `fk_turno_has_areas_turno` FOREIGN KEY (`turno_id`) REFERENCES `turno` (`id`) ON DELETE NO ACTION ON UPDATE NO ACTION
) ENGINE=InnoDB DEFAULT CHARSET=latin1;
/*!40101 SET character_set_client = @saved_cs_client */;

--
-- Dumping data for table `turno_areas`
--

LOCK TABLES `turno_areas` WRITE;
/*!40000 ALTER TABLE `turno_areas` DISABLE KEYS */;
INSERT INTO `turno_areas` VALUES (1,1),(2,1),(3,1),(1,2),(2,2),(3,2),(1,3),(2,3),(3,3),(1,4),(2,4),(3,4),(1,5),(2,5),(3,5);
/*!40000 ALTER TABLE `turno_areas` ENABLE KEYS */;
UNLOCK TABLES;

--
-- Temporary view structure for view `vw_areas_cros_celula`
--

DROP TABLE IF EXISTS `vw_areas_cros_celula`;
/*!50001 DROP VIEW IF EXISTS `vw_areas_cros_celula`*/;
SET @saved_cs_client     = @@character_set_client;
SET character_set_client = utf8;
/*!50001 CREATE VIEW `vw_areas_cros_celula` AS SELECT 
 1 AS `turno`,
 1 AS `area`,
 1 AS `cliente`,
 1 AS `celula`,
 1 AS `idTurno`,
 1 AS `idArea`,
 1 AS `idCliente`,
 1 AS `idCelula`*/;
SET character_set_client = @saved_cs_client;

--
-- Temporary view structure for view `vw_relacion_emp`
--

DROP TABLE IF EXISTS `vw_relacion_emp`;
/*!50001 DROP VIEW IF EXISTS `vw_relacion_emp`*/;
SET @saved_cs_client     = @@character_set_client;
SET character_set_client = utf8;
/*!50001 CREATE VIEW `vw_relacion_emp` AS SELECT 
 1 AS `idArea`,
 1 AS `area`,
 1 AS `idCliente`,
 1 AS `cliente`,
 1 AS `idCelula`,
 1 AS `celula`,
 1 AS `idTurno`,
 1 AS `turno`,
 1 AS `horario`,
 1 AS `id_empresa`,
 1 AS `lname`,
 1 AS `fname`,
 1 AS `job`,
 1 AS `category`,
 1 AS `idHorario`,
 1 AS `memo`*/;
SET character_set_client = @saved_cs_client;

--
-- Final view structure for view `vw_areas_cros_celula`
--

/*!50001 DROP VIEW IF EXISTS `vw_areas_cros_celula`*/;
/*!50001 SET @saved_cs_client          = @@character_set_client */;
/*!50001 SET @saved_cs_results         = @@character_set_results */;
/*!50001 SET @saved_col_connection     = @@collation_connection */;
/*!50001 SET character_set_client      = utf8 */;
/*!50001 SET character_set_results     = utf8 */;
/*!50001 SET collation_connection      = utf8_general_ci */;
/*!50001 CREATE ALGORITHM=UNDEFINED */
/*!50013 DEFINER=`root`@`localhost` SQL SECURITY DEFINER */
/*!50001 VIEW `vw_areas_cros_celula` AS select `turno`.`turno` AS `turno`,`areas`.`area` AS `area`,`clientes`.`cliente` AS `cliente`,`celulas`.`celula` AS `celula`,`turno`.`id` AS `idTurno`,`areas`.`id` AS `idArea`,`clientes`.`id` AS `idCliente`,`celulas`.`id` AS `idCelula` from ((((`turno` join `turno_areas` on((`turno`.`id` = `turno_areas`.`turno_id`))) join `areas` on((`turno_areas`.`areas_id` = `areas`.`id`))) join `clientes` on((`areas`.`id` = `clientes`.`areas_id`))) join `celulas` on((`clientes`.`id` = `celulas`.`clientes_id`))) */;
/*!50001 SET character_set_client      = @saved_cs_client */;
/*!50001 SET character_set_results     = @saved_cs_results */;
/*!50001 SET collation_connection      = @saved_col_connection */;

--
-- Final view structure for view `vw_relacion_emp`
--

/*!50001 DROP VIEW IF EXISTS `vw_relacion_emp`*/;
/*!50001 SET @saved_cs_client          = @@character_set_client */;
/*!50001 SET @saved_cs_results         = @@character_set_results */;
/*!50001 SET @saved_col_connection     = @@collation_connection */;
/*!50001 SET character_set_client      = utf8 */;
/*!50001 SET character_set_results     = utf8 */;
/*!50001 SET collation_connection      = utf8_general_ci */;
/*!50001 CREATE ALGORITHM=UNDEFINED */
/*!50013 DEFINER=`root`@`localhost` SQL SECURITY DEFINER */
/*!50001 VIEW `vw_relacion_emp` AS select `vw_areas_cros_celula`.`idArea` AS `idArea`,`vw_areas_cros_celula`.`area` AS `area`,`vw_areas_cros_celula`.`idCliente` AS `idCliente`,`vw_areas_cros_celula`.`cliente` AS `cliente`,`vw_areas_cros_celula`.`idCelula` AS `idCelula`,`vw_areas_cros_celula`.`celula` AS `celula`,`vw_areas_cros_celula`.`idTurno` AS `idTurno`,`vw_areas_cros_celula`.`turno` AS `turno`,`horarios`.`horario` AS `horario`,`employees`.`id_empresa` AS `id_empresa`,`employees`.`lname` AS `lname`,`employees`.`fname` AS `fname`,`employees`.`job` AS `job`,`employees`.`category` AS `category`,`emp_hr_cel`.`horarios_id` AS `idHorario`,`emp_hr_cel`.`memo` AS `memo` from (((`emp_hr_cel` join `employees` on((`emp_hr_cel`.`employees_id` = `employees`.`id`))) join `horarios` on((`horarios`.`id` = `emp_hr_cel`.`horarios_id`))) join `vw_areas_cros_celula` on(((`vw_areas_cros_celula`.`idCelula` = `emp_hr_cel`.`celulas_id`) and (`vw_areas_cros_celula`.`idTurno` = `horarios`.`turno_id`)))) */;
/*!50001 SET character_set_client      = @saved_cs_client */;
/*!50001 SET character_set_results     = @saved_cs_results */;
/*!50001 SET collation_connection      = @saved_col_connection */;
/*!40103 SET TIME_ZONE=@OLD_TIME_ZONE */;

/*!40101 SET SQL_MODE=@OLD_SQL_MODE */;
/*!40014 SET FOREIGN_KEY_CHECKS=@OLD_FOREIGN_KEY_CHECKS */;
/*!40014 SET UNIQUE_CHECKS=@OLD_UNIQUE_CHECKS */;
/*!40101 SET CHARACTER_SET_CLIENT=@OLD_CHARACTER_SET_CLIENT */;
/*!40101 SET CHARACTER_SET_RESULTS=@OLD_CHARACTER_SET_RESULTS */;
/*!40101 SET COLLATION_CONNECTION=@OLD_COLLATION_CONNECTION */;
/*!40111 SET SQL_NOTES=@OLD_SQL_NOTES */;

-- Dump completed on 2017-12-09 12:27:17
